﻿<dropbox xmlns:d2l_2p0="http://desire2learn.com/xsd/d2lcp_v2p0"><folder name="2.1 – Getting Started" id="49" submission_type="1" allow_text_submission="False" completion_type="0" allowable_file_type="0" folder_type="2" sort_order="1" folder_is_retricted="false" files_per_submission="0" submissions="2" resource_code="23116E12-04C0-4FA6-BDD4-3082E33A4375-36097" is_hidden="false"><instructions text_type="text/plain"><text /></instructions></folder><folder name="2.3.3 – Analytical question" id="50" submission_type="1" allow_text_submission="False" completion_type="0" allowable_file_type="0" folder_type="2" sort_order="2" folder_is_retricted="false" files_per_submission="0" submissions="4" resource_code="23116E12-04C0-4FA6-BDD4-3082E33A4375-36651" is_hidden="false"><instructions text_type="text/plain"><text /></instructions></folder><folder name="3.1 – Implement your plan" id="51" submission_type="1" allow_text_submission="False" completion_type="0" allowable_file_type="0" folder_type="2" sort_order="3" folder_is_retricted="false" files_per_submission="0" submissions="4" resource_code="23116E12-04C0-4FA6-BDD4-3082E33A4375-36652" is_hidden="false"><instructions text_type="text/plain"><text /></instructions></folder><folder name="3.3.1 – Define your concepts" id="52" submission_type="1" allow_text_submission="False" completion_type="0" allowable_file_type="0" folder_type="2" sort_order="4" folder_is_retricted="false" files_per_submission="0" submissions="4" resource_code="23116E12-04C0-4FA6-BDD4-3082E33A4375-36653" is_hidden="false"><instructions text_type="text/plain"><text /></instructions></folder><folder name="3.3.9 – Finding patterns in the data" id="53" submission_type="1" allow_text_submission="False" completion_type="0" allowable_file_type="0" folder_type="2" sort_order="5" folder_is_retricted="false" files_per_submission="0" submissions="4" resource_code="23116E12-04C0-4FA6-BDD4-3082E33A4375-36654" is_hidden="false"><instructions text_type="text/plain"><text /></instructions></folder><folder name="4.2 – Let’s go back to our scenario" id="54" submission_type="1" allow_text_submission="False" completion_type="0" allowable_file_type="0" folder_type="2" sort_order="6" folder_is_retricted="false" files_per_submission="0" submissions="4" resource_code="23116E12-04C0-4FA6-BDD4-3082E33A4375-36655" is_hidden="false"><instructions text_type="text/plain"><text /></instructions></folder><folder name="4.3 – Extracting key messages" id="55" submission_type="1" allow_text_submission="False" completion_type="0" allowable_file_type="0" folder_type="2" sort_order="7" folder_is_retricted="false" files_per_submission="0" submissions="4" resource_code="23116E12-04C0-4FA6-BDD4-3082E33A4375-36656" is_hidden="false"><instructions text_type="text/plain"><text /></instructions></folder></dropbox>