﻿<?xml version="1.0" encoding="UTF-8"?>
<manifest identifier="D2L_11721" xmlns:d2l_2p0="http://desire2learn.com/xsd/d2lcp_v2p0" xmlns:scorm_1p2="http://www.adlnet.org/xsd/adlcp_rootv1p2" xmlns:imsmd="http://www.imsglobal.org/xsd/imsmd_rootv1p2p1" xmlns="http://www.imsglobal.org/xsd/imscp_v1p1">
    <metadata>
        <imsmd:lom>
            <imsmd:general>
                <imsmd:title>
                    <imsmd:langstring xml:lang="en-ca">The Analytical Process: Steps and Best Practices (DEV)</imsmd:langstring>
                </imsmd:title>
                <imsmd:keyword>
                    <imsmd:langstring xml:lang="en-ca">DDN320-DEV-EN</imsmd:langstring>
                </imsmd:keyword>
                <imsmd:language>en-ca</imsmd:language>
            </imsmd:general>
        </imsmd:lom>
    </metadata>
    <organizations default="d2l_orgs">
        <organization identifier="d2l_org">
            <item identifier="62022" identifierref="RES_CONTENT_62022" d2l_2p0:id="1" d2l_2p0:resource_code="23116E12-04C0-4FA6-BDD4-3082E33A4375-33480" description="&lt;p&gt;&lt;img src=&quot;assets/img/Module%201%20landing%20page.png&quot; alt=&quot;&quot; title=&quot;&quot; data-d2l-editor-default-img-style=&quot;true&quot; style=&quot;max-width: 100%; display: block; margin-left: auto; margin-right: auto;&quot;&gt;&lt;/p&gt;&#xD;&#xA;&lt;p&gt;&lt;/p&gt;" completion_type="2">
                <title>1 – Introduction</title>
                <item identifier="62023" identifierref="RES_CONTENT_62023" d2l_2p0:id="2" d2l_2p0:resource_code="23116E12-04C0-4FA6-BDD4-3082E33A4375-32293" description="" completion_type="2">
                    <title>1.1 – Welcome to Foundations of Data Analysis: Steps of the Analytical Process</title>
                </item>
                <item identifier="62024" identifierref="RES_CONTENT_62024" d2l_2p0:id="3" d2l_2p0:resource_code="23116E12-04C0-4FA6-BDD4-3082E33A4375-32294" description="" completion_type="2">
                    <title>1.2 – Working as a Team</title>
                </item>
                <item identifier="70064" identifierref="RES_CONTENT_70064" d2l_2p0:id="4" d2l_2p0:resource_code="23116E12-04C0-4FA6-BDD4-3082E33A4375-36501" description="" completion_type="2">
                    <title>1.3 – Course Navigation</title>
                </item>
                <item identifier="62025" identifierref="RES_CONTENT_62025" d2l_2p0:id="5" d2l_2p0:resource_code="23116E12-04C0-4FA6-BDD4-3082E33A4375-32295" description="" completion_type="2">
                    <title>1.4 – Module Activities</title>
                </item>
            </item>
            <item identifier="62026" identifierref="RES_CONTENT_62026" d2l_2p0:id="6" d2l_2p0:resource_code="23116E12-04C0-4FA6-BDD4-3082E33A4375-33481" description="&lt;p&gt;&lt;img src=&quot;assets/img/Module%202%20landing%20page.png&quot; alt=&quot;&quot; title=&quot;&quot; data-d2l-editor-default-img-style=&quot;true&quot; style=&quot;max-width: 100%; display: block; margin-left: auto; margin-right: auto;&quot;&gt;&lt;/p&gt;" completion_type="2">
                <title>2 – Making an Analytical Plan</title>
                <item identifier="62027" identifierref="RES_CONTENT_62027" d2l_2p0:id="7" d2l_2p0:resource_code="23116E12-04C0-4FA6-BDD4-3082E33A4375-32296" description="" completion_type="2">
                    <title>2.1 – Getting Started</title>
                </item>
                <item identifier="62028" identifierref="RES_CONTENT_62028" d2l_2p0:id="8" d2l_2p0:resource_code="23116E12-04C0-4FA6-BDD4-3082E33A4375-32297" description="" completion_type="2">
                    <title>2.2 – Making an analytical plan</title>
                </item>
                <item identifier="69573" identifierref="RES_CONTENT_69573" d2l_2p0:id="9" d2l_2p0:resource_code="23116E12-04C0-4FA6-BDD4-3082E33A4375-36893" description="&lt;div class=&quot;container-fluid data&quot;&gt;&#xD;&#xA;&lt;div class=&quot;row&quot;&gt;&#xD;&#xA;&lt;div class=&quot;col-12&quot;&gt;&#xD;&#xA;&lt;p&gt;The following actions are all part of the first steps of an analytical project. We provide more details for each action in the next pages.&lt;/p&gt;&#xD;&#xA;&lt;ul&gt;&#xD;&#xA;&lt;li&gt;Meet with the client to discuss their needs in more detail&lt;/li&gt;&#xD;&#xA;&lt;li&gt;Search for previously published information to identify what we already know about this topic and identify information gaps&lt;/li&gt;&#xD;&#xA;&lt;li&gt;Identify a suitable data source which contains the information you need&lt;/li&gt;&#xD;&#xA;&lt;li&gt;Identify your analytical question&lt;/li&gt;&#xD;&#xA;&lt;li&gt;Prepare an analytical plan and circulate it for review and approval&lt;/li&gt;&#xD;&#xA;&lt;/ul&gt;&#xD;&#xA;&lt;/div&gt;&#xD;&#xA;&lt;/div&gt;&#xD;&#xA;&lt;/div&gt;" completion_type="2">
                    <title>2.3 – Let’s go back to our scenario</title>
                    <item identifier="69571" identifierref="RES_CONTENT_69571" d2l_2p0:id="10" d2l_2p0:resource_code="23116E12-04C0-4FA6-BDD4-3082E33A4375-36096" description="" completion_type="2">
                        <title>2.3.1 – Meet the client</title>
                    </item>
                    <item identifier="69574" identifierref="RES_CONTENT_69574" d2l_2p0:id="11" d2l_2p0:resource_code="23116E12-04C0-4FA6-BDD4-3082E33A4375-36098" description="" completion_type="2">
                        <title>2.3.2 – Literature and data</title>
                    </item>
                    <item identifier="69575" identifierref="RES_CONTENT_69575" d2l_2p0:id="12" d2l_2p0:resource_code="23116E12-04C0-4FA6-BDD4-3082E33A4375-36099" description="" completion_type="2">
                        <title>2.3.3 – Analytical question</title>
                    </item>
                    <item identifier="69576" identifierref="RES_CONTENT_69576" d2l_2p0:id="13" d2l_2p0:resource_code="23116E12-04C0-4FA6-BDD4-3082E33A4375-36100" description="" completion_type="2">
                        <title>2.3.4 – Principle of relevance</title>
                    </item>
                    <item identifier="69578" identifierref="RES_CONTENT_69578" d2l_2p0:id="14" d2l_2p0:resource_code="23116E12-04C0-4FA6-BDD4-3082E33A4375-36102" description="" completion_type="2">
                        <title>2.3.5 – Analytical plan</title>
                    </item>
                </item>
                <item identifier="62031" identifierref="RES_CONTENT_62031" d2l_2p0:id="15" d2l_2p0:resource_code="23116E12-04C0-4FA6-BDD4-3082E33A4375-32299" description="" completion_type="2">
                    <title>2.4 – You are ready!</title>
                </item>
            </item>
            <item identifier="62034" identifierref="RES_CONTENT_62034" d2l_2p0:id="16" d2l_2p0:resource_code="23116E12-04C0-4FA6-BDD4-3082E33A4375-33482" description="&lt;p&gt;&lt;img src=&quot;assets/img/Module%203%20langing%20page.png&quot; alt=&quot;&quot; title=&quot;&quot; data-d2l-editor-default-img-style=&quot;true&quot; style=&quot;max-width: 100%; display: block; margin-left: auto; margin-right: auto;&quot;&gt;&lt;/p&gt;" completion_type="2">
                <title>3 – Preparing and analyzing data</title>
                <item identifier="69579" identifierref="RES_CONTENT_69579" d2l_2p0:id="17" d2l_2p0:resource_code="23116E12-04C0-4FA6-BDD4-3082E33A4375-36103" description="" completion_type="2">
                    <title>3.1 – Implement your plan</title>
                </item>
                <item identifier="62035" identifierref="RES_CONTENT_62035" d2l_2p0:id="18" d2l_2p0:resource_code="23116E12-04C0-4FA6-BDD4-3082E33A4375-32302" description="" completion_type="2">
                    <title>3.2 – Implementing the analytical plan</title>
                </item>
                <item identifier="69783" identifierref="RES_CONTENT_69783" d2l_2p0:id="19" d2l_2p0:resource_code="23116E12-04C0-4FA6-BDD4-3082E33A4375-36894" description="&lt;div class=&quot;container-fluid data module-3&quot;&gt;&#xD;&#xA;&lt;div class=&quot;row&quot;&gt;&#xD;&#xA;&lt;div class=&quot;col-12 offset-md-1 col-md-10 offset-lg-2 col-lg-8&quot;&gt;&#xD;&#xA;&lt;div class=&quot;icon-heading&quot; style=&quot;align-items: flex-start;&quot;&gt;&#xD;&#xA;&lt;div class=&quot;images&quot;&gt;Let’s go back to our scenario. The following actions would all be part of the data preparation step. We provide more details for each action in the next pages.&lt;/div&gt;&#xD;&#xA;&lt;ul&gt;&#xD;&#xA;&lt;li class=&quot;mb-4&quot;&gt;Define your concepts&lt;/li&gt;&#xD;&#xA;&lt;li class=&quot;mb-4&quot;&gt;Finalize your template table&lt;/li&gt;&#xD;&#xA;&lt;li class=&quot;mb-4&quot;&gt;VIMO: check for valid, invalid, missing, and outlier values&lt;/li&gt;&#xD;&#xA;&lt;li class=&quot;mb-4&quot;&gt;Try to reproduce numbers that have been previously published with your data source or a similar data source&lt;/li&gt;&#xD;&#xA;&lt;li&gt;Summarize and check your results as you go&lt;/li&gt;&#xD;&#xA;&lt;/ul&gt;&#xD;&#xA;&lt;/div&gt;&#xD;&#xA;&lt;/div&gt;&#xD;&#xA;&lt;/div&gt;&#xD;&#xA;&lt;/div&gt;&#xD;&#xA;&lt;p&gt;&lt;/p&gt;&#xD;&#xA;&lt;p&gt;&lt;/p&gt;&#xD;&#xA;&lt;p&gt;&lt;/p&gt;" completion_type="2">
                    <title>3.3 – Let’s go back to our scenario</title>
                    <item identifier="69605" identifierref="RES_CONTENT_69605" d2l_2p0:id="20" d2l_2p0:resource_code="23116E12-04C0-4FA6-BDD4-3082E33A4375-36104" description="" completion_type="2">
                        <title>3.3.1 – Define your concepts</title>
                    </item>
                    <item identifier="69937" identifierref="RES_CONTENT_69937" d2l_2p0:id="21" d2l_2p0:resource_code="23116E12-04C0-4FA6-BDD4-3082E33A4375-36389" description="" completion_type="2">
                        <title>3.3.2 – Define your concepts (cont’d)</title>
                    </item>
                    <item identifier="69967" identifierref="RES_CONTENT_69967" d2l_2p0:id="22" d2l_2p0:resource_code="23116E12-04C0-4FA6-BDD4-3082E33A4375-36416" description="" completion_type="2">
                        <title>3.3.3 – Finalize your template tables</title>
                    </item>
                    <item identifier="62037" identifierref="RES_CONTENT_62037" d2l_2p0:id="23" d2l_2p0:resource_code="23116E12-04C0-4FA6-BDD4-3082E33A4375-32304" description="" completion_type="2">
                        <title>3.3.4 – VIMO: check for valid, invalid, missing, and outlier values</title>
                    </item>
                    <item identifier="62036" identifierref="RES_CONTENT_62036" d2l_2p0:id="24" d2l_2p0:resource_code="23116E12-04C0-4FA6-BDD4-3082E33A4375-32303" description="" completion_type="2">
                        <title>3.3.5 – Preparing data for analysis</title>
                    </item>
                    <item identifier="69970" identifierref="RES_CONTENT_69970" d2l_2p0:id="25" d2l_2p0:resource_code="23116E12-04C0-4FA6-BDD4-3082E33A4375-36419" description="" completion_type="2">
                        <title>3.3.6 – Reproducing numbers previously published</title>
                    </item>
                    <item identifier="69971" identifierref="RES_CONTENT_69971" d2l_2p0:id="26" d2l_2p0:resource_code="23116E12-04C0-4FA6-BDD4-3082E33A4375-36420" description="" completion_type="2">
                        <title>3.3.7 – Analyzing data</title>
                    </item>
                    <item identifier="69976" identifierref="RES_CONTENT_69976" d2l_2p0:id="27" d2l_2p0:resource_code="23116E12-04C0-4FA6-BDD4-3082E33A4375-36425" description="" completion_type="2">
                        <title>3.3.8 – Proportions, ratios and rates</title>
                    </item>
                    <item identifier="69980" identifierref="RES_CONTENT_69980" d2l_2p0:id="28" d2l_2p0:resource_code="23116E12-04C0-4FA6-BDD4-3082E33A4375-36428" description="" completion_type="2">
                        <title>3.3.9 – Finding patterns in the data</title>
                    </item>
                    <item identifier="69981" identifierref="RES_CONTENT_69981" d2l_2p0:id="29" d2l_2p0:resource_code="23116E12-04C0-4FA6-BDD4-3082E33A4375-36429" description="" completion_type="2">
                        <title>3.3.10 – Summarize and check your results as you go</title>
                    </item>
                </item>
                <item identifier="69982" identifierref="RES_CONTENT_69982" d2l_2p0:id="30" d2l_2p0:resource_code="23116E12-04C0-4FA6-BDD4-3082E33A4375-36430" description="" completion_type="2">
                    <title>3.4 – Let’s go back to our scenario</title>
                </item>
            </item>
            <item identifier="62040" identifierref="RES_CONTENT_62040" d2l_2p0:id="31" d2l_2p0:resource_code="23116E12-04C0-4FA6-BDD4-3082E33A4375-33483" description="&lt;p&gt;&lt;img src=&quot;assets/img/Module%204%20landing%20page.png&quot; alt=&quot;&quot; title=&quot;&quot; data-d2l-editor-default-img-style=&quot;true&quot; style=&quot;max-width: 100%; display: block; margin-left: auto; margin-right: auto;&quot;&gt;&lt;/p&gt;" completion_type="2">
                <title>4 – Sharing your findings</title>
                <item identifier="62041" identifierref="RES_CONTENT_62041" d2l_2p0:id="32" d2l_2p0:resource_code="23116E12-04C0-4FA6-BDD4-3082E33A4375-32307" description="" completion_type="2">
                    <title>4.1 – Summarize, interpret and disseminate</title>
                </item>
                <item identifier="70005" identifierref="RES_CONTENT_70005" d2l_2p0:id="33" d2l_2p0:resource_code="23116E12-04C0-4FA6-BDD4-3082E33A4375-36432" description="" completion_type="2">
                    <title>4.2 – Let’s go back to our scenario</title>
                </item>
                <item identifier="62043" identifierref="RES_CONTENT_62043" d2l_2p0:id="34" d2l_2p0:resource_code="23116E12-04C0-4FA6-BDD4-3082E33A4375-32309" description="" completion_type="2">
                    <title>4.3 – Extracting key messages</title>
                </item>
                <item identifier="70006" identifierref="RES_CONTENT_70006" d2l_2p0:id="35" d2l_2p0:resource_code="23116E12-04C0-4FA6-BDD4-3082E33A4375-36451" description="" completion_type="2">
                    <title>4.4 – Principle of neutrality</title>
                </item>
                <item identifier="62044" identifierref="RES_CONTENT_62044" d2l_2p0:id="36" d2l_2p0:resource_code="23116E12-04C0-4FA6-BDD4-3082E33A4375-32310" description="" completion_type="2">
                    <title>4.5 – Telling the data story</title>
                </item>
                <item identifier="70008" identifierref="RES_CONTENT_70008" d2l_2p0:id="37" d2l_2p0:resource_code="23116E12-04C0-4FA6-BDD4-3082E33A4375-36453" description="" completion_type="2">
                    <title>4.6 – Let’s go back to our scenario</title>
                </item>
                <item identifier="70061" identifierref="RES_CONTENT_70061" d2l_2p0:id="38" d2l_2p0:resource_code="23116E12-04C0-4FA6-BDD4-3082E33A4375-36498" description="" completion_type="2">
                    <title>4.7 – Data visualization</title>
                </item>
                <item identifier="62042" identifierref="RES_CONTENT_62042" d2l_2p0:id="39" d2l_2p0:resource_code="23116E12-04C0-4FA6-BDD4-3082E33A4375-32308" description="" completion_type="2">
                    <title>4.8 – Let’s go back to our scenario</title>
                </item>
                <item identifier="70063" identifierref="RES_CONTENT_70063" d2l_2p0:id="40" d2l_2p0:resource_code="23116E12-04C0-4FA6-BDD4-3082E33A4375-36500" description="" completion_type="2">
                    <title>4.9 – Review process</title>
                </item>
            </item>
            <item identifier="62048" identifierref="RES_CONTENT_62048" d2l_2p0:id="41" d2l_2p0:resource_code="23116E12-04C0-4FA6-BDD4-3082E33A4375-33485" description="&lt;p&gt;&lt;img src=&quot;assets/img/Module%205%20landing%20page.png&quot; alt=&quot;&quot; title=&quot;&quot; data-d2l-editor-default-img-style=&quot;true&quot; style=&quot;max-width: 100%; display: block; margin-left: auto; margin-right: auto;&quot;&gt;&lt;/p&gt;" completion_type="2">
                <title>5 – Case Study Example</title>
                <item identifier="62047" identifierref="RES_CONTENT_62047" d2l_2p0:id="42" d2l_2p0:resource_code="23116E12-04C0-4FA6-BDD4-3082E33A4375-32312" description="" completion_type="2">
                    <title>5.1 – Walkability in neighbourhoods</title>
                </item>
            </item>
            <item identifier="68111" identifierref="RES_CONTENT_68111" d2l_2p0:id="43" d2l_2p0:resource_code="23116E12-04C0-4FA6-BDD4-3082E33A4375-36892" description="&lt;p&gt;&lt;img src=&quot;assets/img/Module%206%20landing%20page.png&quot; alt=&quot;&quot; title=&quot;&quot; data-d2l-editor-default-img-style=&quot;true&quot; style=&quot;max-width: 100%; display: block; margin-left: auto; margin-right: auto;&quot;&gt;&lt;/p&gt;" completion_type="2">
                <title>6 - Test your Knowledge</title>
                <item identifier="62049" identifierref="RES_CONTENT_62049" d2l_2p0:id="44" d2l_2p0:resource_code="23116E12-04C0-4FA6-BDD4-3082E33A4375-33487" description="" completion_type="2" resource_type_key="D2L.LE.Quizzing.Quiz">
                    <title>6.1 – Test Your Knowledge</title>
                </item>
            </item>
            <item identifier="62050" identifierref="RES_CONTENT_62050" d2l_2p0:id="45" d2l_2p0:resource_code="23116E12-04C0-4FA6-BDD4-3082E33A4375-33486" description="&lt;p&gt;&lt;img src=&quot;assets/img/Module%207%20landing%20page.png&quot; alt=&quot;&quot; title=&quot;&quot; data-d2l-editor-default-img-style=&quot;true&quot; style=&quot;max-width: 100%; display: block; margin-left: auto; margin-right: auto;&quot;&gt;&lt;/p&gt;" completion_type="2">
                <title>7 – Conclusion</title>
                <item identifier="62053" identifierref="RES_CONTENT_62053" d2l_2p0:id="46" d2l_2p0:resource_code="23116E12-04C0-4FA6-BDD4-3082E33A4375-32316" description="" completion_type="2">
                    <title>7.1 – Congratulations!</title>
                </item>
                <item identifier="62052" identifierref="RES_CONTENT_62052" d2l_2p0:id="47" d2l_2p0:resource_code="23116E12-04C0-4FA6-BDD4-3082E33A4375-32315" description="" completion_type="2">
                    <title>7.2 – Additional Resources</title>
                </item>
            </item>
        </organization>
    </organizations>
    <resources>
        <resource identifier="RES_CONTENT_62022" type="webcontent" d2l_2p0:material_type="contentmodule" d2l_2p0:link_target="" href="" title="" />
        <resource identifier="RES_CONTENT_62023" type="webcontent" d2l_2p0:material_type="content" d2l_2p0:link_target="" href="1.1 – Welcome to Foundations of Data Analysis.html" title="" />
        <resource identifier="RES_CONTENT_62024" type="webcontent" d2l_2p0:material_type="content" d2l_2p0:link_target="" href="1.2 – Course Navigation.html" title="" />
        <resource identifier="RES_CONTENT_70064" type="webcontent" d2l_2p0:material_type="content" d2l_2p0:link_target="" href="1.3 – Course Navigation.html" title="" />
        <resource identifier="RES_CONTENT_62025" type="webcontent" d2l_2p0:material_type="content" d2l_2p0:link_target="" href="1.3 – Module Activities.html" title="" />
        <resource identifier="RES_CONTENT_62026" type="webcontent" d2l_2p0:material_type="contentmodule" d2l_2p0:link_target="" href="" title="" />
        <resource identifier="RES_CONTENT_62027" type="webcontent" d2l_2p0:material_type="content" d2l_2p0:link_target="" href="2.1 Get Started\2.1 – Get Started.html" title="" />
        <resource identifier="RES_CONTENT_62028" type="webcontent" d2l_2p0:material_type="content" d2l_2p0:link_target="" href="2.2 – Planning the Analysis.html" title="" />
        <resource identifier="RES_CONTENT_69573" type="webcontent" d2l_2p0:material_type="contentmodule" d2l_2p0:link_target="" href="" title="" />
        <resource identifier="RES_CONTENT_69571" type="webcontent" d2l_2p0:material_type="content" d2l_2p0:link_target="" href="2.3.1.html" title="" />
        <resource identifier="RES_CONTENT_69574" type="webcontent" d2l_2p0:material_type="content" d2l_2p0:link_target="" href="2.3.2.html" title="" />
        <resource identifier="RES_CONTENT_69575" type="webcontent" d2l_2p0:material_type="content" d2l_2p0:link_target="" href="Untitled.html" title="" />
        <resource identifier="RES_CONTENT_69576" type="webcontent" d2l_2p0:material_type="content" d2l_2p0:link_target="" href="2.3.4 Principle of Relevance\2.3.4 – Principle of relevance.html" title="" />
        <resource identifier="RES_CONTENT_69578" type="webcontent" d2l_2p0:material_type="content" d2l_2p0:link_target="" href="Untitled - Copy (1).html" title="" />
        <resource identifier="RES_CONTENT_62031" type="webcontent" d2l_2p0:material_type="content" d2l_2p0:link_target="" href="2.4 – Best Practices.html" title="" />
        <resource identifier="RES_CONTENT_62034" type="webcontent" d2l_2p0:material_type="contentmodule" d2l_2p0:link_target="" href="" title="" />
        <resource identifier="RES_CONTENT_69579" type="webcontent" d2l_2p0:material_type="content" d2l_2p0:link_target="" href="3.1 – Implement your plan.html" title="" />
        <resource identifier="RES_CONTENT_62035" type="webcontent" d2l_2p0:material_type="content" d2l_2p0:link_target="" href="3.1 – Video Implement your plan.html" title="" />
        <resource identifier="RES_CONTENT_69783" type="webcontent" d2l_2p0:material_type="contentmodule" d2l_2p0:link_target="" href="" title="" />
        <resource identifier="RES_CONTENT_69605" type="webcontent" d2l_2p0:material_type="content" d2l_2p0:link_target="" href="Untitled - Copy (2).html" title="" />
        <resource identifier="RES_CONTENT_69937" type="webcontent" d2l_2p0:material_type="content" d2l_2p0:link_target="" href="3.3.2 – Define your concepts (cont’d).html" title="" />
        <resource identifier="RES_CONTENT_69967" type="webcontent" d2l_2p0:material_type="content" d2l_2p0:link_target="" href="3.3.3 – Finalize your template tables.html" title="" />
        <resource identifier="RES_CONTENT_62037" type="webcontent" d2l_2p0:material_type="content" d2l_2p0:link_target="" href="3.3 – Video Data accuracy and validation.html" title="" />
        <resource identifier="RES_CONTENT_62036" type="webcontent" d2l_2p0:material_type="content" d2l_2p0:link_target="" href="3.2 – Activity Preparing data for analysis.html" title="" />
        <resource identifier="RES_CONTENT_69970" type="webcontent" d2l_2p0:material_type="content" d2l_2p0:link_target="" href="3.3.6 – Reproducing numbers previously published.html" title="" />
        <resource identifier="RES_CONTENT_69971" type="webcontent" d2l_2p0:material_type="content" d2l_2p0:link_target="" href="Untitled - Copy (3).html" title="" />
        <resource identifier="RES_CONTENT_69976" type="webcontent" d2l_2p0:material_type="content" d2l_2p0:link_target="" href="Untitled - Copy (4).html" title="" />
        <resource identifier="RES_CONTENT_69980" type="webcontent" d2l_2p0:material_type="content" d2l_2p0:link_target="" href="3.3.9 – Finding patterns in the data.html" title="" />
        <resource identifier="RES_CONTENT_69981" type="webcontent" d2l_2p0:material_type="content" d2l_2p0:link_target="" href="Untitled - Copy (5).html" title="" />
        <resource identifier="RES_CONTENT_69982" type="webcontent" d2l_2p0:material_type="content" d2l_2p0:link_target="" href="3.4 – Let’s go back to our scenario.html" title="" />
        <resource identifier="RES_CONTENT_62040" type="webcontent" d2l_2p0:material_type="contentmodule" d2l_2p0:link_target="" href="" title="" />
        <resource identifier="RES_CONTENT_62041" type="webcontent" d2l_2p0:material_type="content" d2l_2p0:link_target="" href="4.1 – Video Summarize, interpret and disseminate.html" title="" />
        <resource identifier="RES_CONTENT_70005" type="webcontent" d2l_2p0:material_type="content" d2l_2p0:link_target="" href="Untitled - Copy (6).html" title="" />
        <resource identifier="RES_CONTENT_62043" type="webcontent" d2l_2p0:material_type="content" d2l_2p0:link_target="" href="4.3 – Principle of Neutrality.html" title="" />
        <resource identifier="RES_CONTENT_70006" type="webcontent" d2l_2p0:material_type="content" d2l_2p0:link_target="" href="4.4 – Principle of neutrality.html" title="" />
        <resource identifier="RES_CONTENT_62044" type="webcontent" d2l_2p0:material_type="content" d2l_2p0:link_target="" href="4.4 – Video Telling the data story.html" title="" />
        <resource identifier="RES_CONTENT_70008" type="webcontent" d2l_2p0:material_type="content" d2l_2p0:link_target="" href="4.6 – Let’s go back to our scenario.html" title="" />
        <resource identifier="RES_CONTENT_70061" type="webcontent" d2l_2p0:material_type="content" d2l_2p0:link_target="" href="4.7 – Data visualization.html" title="" />
        <resource identifier="RES_CONTENT_62042" type="webcontent" d2l_2p0:material_type="content" d2l_2p0:link_target="" href="4.2 Extracting Key Messages\4.2 – Extracting key messages.html" title="" />
        <resource identifier="RES_CONTENT_70063" type="webcontent" d2l_2p0:material_type="content" d2l_2p0:link_target="" href="4.9 – Don’t forget to seek feedback on your work before disseminating your findings!.html" title="" />
        <resource identifier="RES_CONTENT_62048" type="webcontent" d2l_2p0:material_type="contentmodule" d2l_2p0:link_target="" href="" title="" />
        <resource identifier="RES_CONTENT_62047" type="webcontent" d2l_2p0:material_type="content" d2l_2p0:link_target="" href="5.1 – Video Walkability in neighborhoods.html" title="" />
        <resource identifier="RES_CONTENT_68111" type="webcontent" d2l_2p0:material_type="contentmodule" d2l_2p0:link_target="" href="" title="" />
        <resource identifier="RES_CONTENT_62049" type="webcontent" d2l_2p0:material_type="contentlink" d2l_2p0:link_target="" href="/d2l/common/dialogs/quickLink/quickLink.d2l?ou={orgUnitId}&amp;type=quiz&amp;rcode=23116E12-04C0-4FA6-BDD4-3082E33A4375-32313" title="" />
        <resource identifier="RES_CONTENT_62050" type="webcontent" d2l_2p0:material_type="contentmodule" d2l_2p0:link_target="" href="" title="" />
        <resource identifier="RES_CONTENT_62053" type="webcontent" d2l_2p0:material_type="content" d2l_2p0:link_target="" href="7.2 – Congratulations.html" title="" />
        <resource identifier="RES_CONTENT_62052" type="webcontent" d2l_2p0:material_type="content" d2l_2p0:link_target="" href="7.1 – Additional Resources.html" title="" />
        <resource identifier="res_syllabus" type="webcontent" d2l_2p0:material_type="d2lsyllabus" d2l_2p0:link_target="" href="syllabus_d2l.xml" title="" />
        <resource identifier="res_quiz_3734" type="webcontent" d2l_2p0:material_type="d2lquiz" d2l_2p0:link_target="" href="quiz_d2l_3734.xml" title="6.1 – Test Your Knowledge" />
        <resource identifier="res_dropbox" type="webcontent" d2l_2p0:material_type="d2ldropbox" d2l_2p0:link_target="" href="dropbox_d2l.xml" title="" />
        <resource identifier="res_courseimage" type="webcontent" d2l_2p0:material_type="d2lcourseimage" d2l_2p0:link_target="" href="courseimage_d2l.xml" title="" />
    </resources>
</manifest>