﻿<discussion xmlns:d2l_2p0="http://desire2learn.com/xsd/d2lcp_v2p0"><forum id="85" resource_code="23116E12-04C0-4FA6-BDD4-3082E33A4375-30466"><properties><allow_anon>False</allow_anon><display_order>1</display_order><is_hidden>True</is_hidden><requires_approval>False</requires_approval><must_post_to_participate>False</must_post_to_participate><show_description_in_topics>False</show_description_in_topics></properties><content><title>2.3 Understanding the system from the perspective of those affected</title></content><topics><topic id="86" resource_code="23116E12-04C0-4FA6-BDD4-3082E33A4375-30001"><properties><allow_anon>False</allow_anon><display_order>1</display_order><is_hidden>False</is_hidden><requires_approval>False</requires_approval><must_post_to_participate>False</must_post_to_participate><is_auto_score>False</is_auto_score><include_nonscored_values>False</include_nonscored_values><rating_type_id>0</rating_type_id></properties><content><title>2.3 Understanding the system from the perspective of those affected</title><description>&lt;p&gt;It's quite a daunting task to identify the thoughts and feelings of other people who have different values or life experience from us. Whether it's a product or service that we will build, the design process focuses on the stakeholders who experience the problem and who will use the solution. We refer to these individuals as "users" in the design world, and our focus is to prioritize their needs and frustrations to better understand who we are designing for. There are numerous tools to help us better understand the problem space from the different perspectives of our users, and the frustrations they have with the current state of things.&lt;/p&gt;
&lt;p&gt;To elaborate on the earlier example of a dangerous goods inspector tasked with conducting safety site inspections, the average public servant might not have context to realize the hazards of this role and the potential obstacles these inspectors face every day. Many public servants won't understand the inspector's need to be equipped with safe, functional technology that can assist them in recording notes and taking site photos at hazardous sites. In another example, a Department of Fisheries and Oceans (DFO) team might struggle to comprehend why someone from the public might feel frustrated or overwhelmed when presented with the whole regulatory framework of the Fisheries Act when they visit the DFO website. Both of these examples underscore the importance of practicing empathy during the design process.&lt;/p&gt;
&lt;h2&gt;Self-Reflection&lt;/h2&gt;
&lt;p&gt;&lt;strong&gt;Activity:&lt;/strong&gt; Take a moment to self-reflect and recall a problem that your team experienced. What were the thoughts and feelings you and your team experienced?&lt;/p&gt;
&lt;p&gt;Note: Do not publish the things that cannot be shared and do not include any personal details.&lt;/p&gt;</description></content></topic></topics></forum></discussion>