﻿<grades xmlns:d2l_2p0="http://desire2learn.com/xsd/d2lcp_v2p0"><schemes><scheme identifier="41" name="Course completion | Achèvement de cours" short_name="" is_valid="true"><range percent_start="0" assigned_value="0.000000000" symbol="Not complete - Pas terminé" color_id="17" /><range percent_start="100" assigned_value="100.000000000" symbol="Complete - Terminé" color_id="10" /></scheme><scheme identifier="42" name="Yes-No Oui-Non" short_name="" is_valid="true"><range percent_start="0" assigned_value="0.000000000" symbol="No - Non" color_id="17" /><range percent_start="100" assigned_value="100.000000000" symbol="Yes - Oui" color_id="10" /></scheme><scheme identifier="43" name="Attendance" short_name="" is_valid="true"><range percent_start="0" assigned_value="0.000000000" symbol="Absent - Absent" color_id="17" /><range percent_start="100" assigned_value="100.000000000" symbol="Present - Présent" color_id="10" /></scheme><scheme identifier="103" name="Course completion | Achèvement de cours" short_name="" is_valid="true"><range percent_start="0" assigned_value="0.000000000" symbol="Not complete - Pas terminé" color_id="17" /><range percent_start="100" assigned_value="100.000000000" symbol="Complete - Terminé" color_id="10" /></scheme><scheme identifier="104" name="Yes-No Oui-Non" short_name="" is_valid="true"><range percent_start="0" assigned_value="0.000000000" symbol="No - Non" color_id="17" /><range percent_start="100" assigned_value="100.000000000" symbol="Yes - Oui" color_id="10" /></scheme><scheme identifier="105" name="Attendance" short_name="" is_valid="true"><range percent_start="0" assigned_value="0.000000000" symbol="Absent - Absent" color_id="17" /><range percent_start="100" assigned_value="100.000000000" symbol="Present - Présent" color_id="10" /></scheme></schemes><configuration><calculation_options auto_update_final_grade="1" grading_system="0" include_empty_grades_in_final="0" release_adjusted_grade="0" auto_release_final_grade="0" /></configuration><categories /><items><item id="96" identifier="6008" dates_in_calendar="false" resource_code="23116E12-04C0-4FA6-BDD4-3082E33A4375-28627"><name>3.16 Assignment: Writing point-of-view problem statements</name><short_name /><sort_order>1</sort_order><show_average>false</show_average><show_distribution>false</show_distribution><description text_type="text/html" is_displayed="false" /><type_id>1</type_id><is_active>true</is_active><scoring><can_exceed_weight>false</can_exceed_weight><out_of>12</out_of><is_bonus>false</is_bonus><max_grade>100</max_grade><exclude_from_final_grade_calc>false</exclude_from_final_grade_calc><is_milestone_grade>false</is_milestone_grade></scoring></item><item id="97" identifier="6009" dates_in_calendar="false" resource_code="23116E12-04C0-4FA6-BDD4-3082E33A4375-26633"><name>3.4 POV Activity </name><short_name /><sort_order>2</sort_order><show_average>false</show_average><show_distribution>false</show_distribution><description text_type="text/html" is_displayed="false" /><type_id>1</type_id><is_active>false</is_active><scoring><can_exceed_weight>false</can_exceed_weight><out_of>12</out_of><is_bonus>false</is_bonus><max_grade>10</max_grade><exclude_from_final_grade_calc>true</exclude_from_final_grade_calc><is_milestone_grade>false</is_milestone_grade></scoring></item></items></grades>