﻿<?xml version="1.0" encoding="UTF-8"?>
<manifest identifier="D2L_10112" xmlns:d2l_2p0="http://desire2learn.com/xsd/d2lcp_v2p0" xmlns:scorm_1p2="http://www.adlnet.org/xsd/adlcp_rootv1p2" xmlns:imsmd="http://www.imsglobal.org/xsd/imsmd_rootv1p2p1" xmlns="http://www.imsglobal.org/xsd/imscp_v1p1">
    <metadata>
        <imsmd:lom>
            <imsmd:general>
                <imsmd:title>
                    <imsmd:langstring xml:lang="en-ca">The Design Process: Understanding the Problem (DEV)</imsmd:langstring>
                </imsmd:title>
                <imsmd:keyword>
                    <imsmd:langstring xml:lang="en-ca">DDN237-DEV-EN</imsmd:langstring>
                </imsmd:keyword>
                <imsmd:language>en-ca</imsmd:language>
            </imsmd:general>
        </imsmd:lom>
    </metadata>
    <organizations default="d2l_orgs">
        <organization identifier="d2l_org">
            <item identifier="54252" identifierref="RES_CONTENT_54252" d2l_2p0:id="3" d2l_2p0:resource_code="23116E12-04C0-4FA6-BDD4-3082E33A4375-24807" description="&lt;p style=&quot;text-align: center;&quot;&gt;&lt;img src=&quot;Course%20introduction/ddn237_visual_title%20page.PNG&quot; alt=&quot;&quot; title=&quot;&quot; data-d2l-editor-default-img-style=&quot;true&quot; style=&quot;max-width: 100%;&quot;&gt;&lt;/p&gt;" completion_type="2">
                <title>Course introduction</title>
                <item identifier="54675" identifierref="RES_CONTENT_54675" d2l_2p0:id="4" d2l_2p0:resource_code="23116E12-04C0-4FA6-BDD4-3082E33A4375-28872" description="" completion_type="2">
                    <title>Read me first</title>
                </item>
                <item identifier="54253" identifierref="RES_CONTENT_54253" d2l_2p0:id="5" d2l_2p0:resource_code="23116E12-04C0-4FA6-BDD4-3082E33A4375-26642" description="" completion_type="2">
                    <title>About this course</title>
                </item>
                <item identifier="54254" identifierref="RES_CONTENT_54254" d2l_2p0:id="6" d2l_2p0:resource_code="23116E12-04C0-4FA6-BDD4-3082E33A4375-24757" description="" completion_type="2">
                    <title>Course learning objectives</title>
                </item>
                <item identifier="67650" identifierref="RES_CONTENT_67650" d2l_2p0:id="7" d2l_2p0:resource_code="23116E12-04C0-4FA6-BDD4-3082E33A4375-35152" description="" completion_type="2">
                    <title>Technical Instructions</title>
                </item>
            </item>
            <item identifier="54255" identifierref="RES_CONTENT_54255" d2l_2p0:id="8" d2l_2p0:resource_code="23116E12-04C0-4FA6-BDD4-3082E33A4375-24808" description="&lt;p style=&quot;text-align: center;&quot;&gt;&lt;img src=&quot;Module%201/Images/ddn237_visual_m1_title%20page.PNG?_&amp;amp;d2lSessionVal=arJuORYE6AI7PHKo9eNcJDa4m&quot; alt=&quot;&quot; title=&quot;&quot; style=&quot;max-width: 100%;&quot;&gt;&lt;/p&gt;" completion_type="2">
                <title>Module 1: Identifying the Problem</title>
                <item identifier="54256" identifierref="RES_CONTENT_54256" d2l_2p0:id="9" d2l_2p0:resource_code="23116E12-04C0-4FA6-BDD4-3082E33A4375-24758" description="" completion_type="2">
                    <title>1.1 Learning objectives</title>
                </item>
                <item identifier="54257" identifierref="RES_CONTENT_54257" d2l_2p0:id="10" d2l_2p0:resource_code="23116E12-04C0-4FA6-BDD4-3082E33A4375-24759" description="" completion_type="2">
                    <title>1.2 Framing the problem</title>
                </item>
                <item identifier="54258" identifierref="RES_CONTENT_54258" d2l_2p0:id="11" d2l_2p0:resource_code="23116E12-04C0-4FA6-BDD4-3082E33A4375-24762" description="" completion_type="2">
                    <title>1.3 Understanding systems</title>
                </item>
                <item identifier="54259" identifierref="RES_CONTENT_54259" d2l_2p0:id="12" d2l_2p0:resource_code="23116E12-04C0-4FA6-BDD4-3082E33A4375-24763" description="" completion_type="2">
                    <title>1.4 Analysing the root cause</title>
                </item>
                <item identifier="54260" identifierref="RES_CONTENT_54260" d2l_2p0:id="13" d2l_2p0:resource_code="23116E12-04C0-4FA6-BDD4-3082E33A4375-24768" description="" completion_type="2">
                    <title>1.5 Analysing the root cause: Visible problem</title>
                </item>
                <item identifier="54261" identifierref="RES_CONTENT_54261" d2l_2p0:id="14" d2l_2p0:resource_code="23116E12-04C0-4FA6-BDD4-3082E33A4375-24770" description="" completion_type="2">
                    <title>1.6 Analysing the root cause: Visible and symptomatic problems</title>
                </item>
                <item identifier="54262" identifierref="RES_CONTENT_54262" d2l_2p0:id="15" d2l_2p0:resource_code="23116E12-04C0-4FA6-BDD4-3082E33A4375-24774" description="" completion_type="2">
                    <title>1.7 Asking good questions</title>
                </item>
                <item identifier="54996" identifierref="RES_CONTENT_54996" d2l_2p0:id="16" d2l_2p0:resource_code="23116E12-04C0-4FA6-BDD4-3082E33A4375-29061" description="" completion_type="2">
                    <title>1.8 Asking good questions: The 5 Whys</title>
                </item>
                <item identifier="54997" identifierref="RES_CONTENT_54997" d2l_2p0:id="17" d2l_2p0:resource_code="23116E12-04C0-4FA6-BDD4-3082E33A4375-29062" description="" completion_type="2">
                    <title>1.9 Asking good questions: Who, What, Where, When, Why, and How</title>
                </item>
                <item identifier="54265" identifierref="RES_CONTENT_54265" d2l_2p0:id="18" d2l_2p0:resource_code="23116E12-04C0-4FA6-BDD4-3082E33A4375-24781" description="" completion_type="2">
                    <title>1.10 Answering questions</title>
                </item>
                <item identifier="54266" identifierref="RES_CONTENT_54266" d2l_2p0:id="19" d2l_2p0:resource_code="23116E12-04C0-4FA6-BDD4-3082E33A4375-24782" description="" completion_type="2">
                    <title>1.11 Viewing a system from different perspectives</title>
                </item>
                <item identifier="54999" identifierref="RES_CONTENT_54999" d2l_2p0:id="20" d2l_2p0:resource_code="23116E12-04C0-4FA6-BDD4-3082E33A4375-30547" description="" completion_type="2" resource_type_key="D2L.LE.Quizzing.Quiz">
                    <title>1.12 Cause and effect reaction activity 1</title>
                </item>
                <item identifier="54268" identifierref="RES_CONTENT_54268" d2l_2p0:id="21" d2l_2p0:resource_code="23116E12-04C0-4FA6-BDD4-3082E33A4375-24787" description="" completion_type="2">
                    <title>1.13 Design process applied: Department of Fisheries and Oceans </title>
                </item>
                <item identifier="57227" identifierref="RES_CONTENT_57227" d2l_2p0:id="22" d2l_2p0:resource_code="23116E12-04C0-4FA6-BDD4-3082E33A4375-30549" description="" completion_type="2" resource_type_key="D2L.LE.Quizzing.Quiz">
                    <title>1.14 Cause and Effect Reaction Activity 2</title>
                </item>
                <item identifier="54270" identifierref="RES_CONTENT_54270" d2l_2p0:id="23" d2l_2p0:resource_code="23116E12-04C0-4FA6-BDD4-3082E33A4375-24792" description="" completion_type="2">
                    <title>1.15 Summary</title>
                </item>
            </item>
            <item identifier="54271" identifierref="RES_CONTENT_54271" d2l_2p0:id="24" d2l_2p0:resource_code="23116E12-04C0-4FA6-BDD4-3082E33A4375-26588" description="&lt;p style=&quot;text-align: center;&quot;&gt;&lt;img src=&quot;Module%202/Images/ddn237_visual_m2_title%20page.PNG?_&amp;amp;d2lSessionVal=5e7OfimNfRHljBis3M1b72yN2&quot; alt=&quot;&quot; title=&quot;&quot; style=&quot;max-width: 100%;&quot;&gt;&lt;/p&gt;" completion_type="2">
                <title>Module 2: Analyzing the situation, problem/challenge or need to be addressed</title>
                <item identifier="54272" identifierref="RES_CONTENT_54272" d2l_2p0:id="25" d2l_2p0:resource_code="23116E12-04C0-4FA6-BDD4-3082E33A4375-24814" description="" completion_type="2">
                    <title>2.1 Learning objectives</title>
                </item>
                <item identifier="54273" identifierref="RES_CONTENT_54273" d2l_2p0:id="26" d2l_2p0:resource_code="23116E12-04C0-4FA6-BDD4-3082E33A4375-24815" description="" completion_type="2">
                    <title>2.2 Understanding the impact a problem has on people  </title>
                </item>
                <item identifier="57172" identifierref="RES_CONTENT_57172" d2l_2p0:id="27" d2l_2p0:resource_code="23116E12-04C0-4FA6-BDD4-3082E33A4375-30548" description="" completion_type="2" resource_type_key="D2L.LE.Discussions.DiscussionTopic">
                    <title>2.3 Understanding the system from the perspective of those affected</title>
                </item>
                <item identifier="54275" identifierref="RES_CONTENT_54275" d2l_2p0:id="28" d2l_2p0:resource_code="23116E12-04C0-4FA6-BDD4-3082E33A4375-24827" description="" completion_type="2">
                    <title>2.4 What is empathy?</title>
                </item>
                <item identifier="54276" identifierref="RES_CONTENT_54276" d2l_2p0:id="29" d2l_2p0:resource_code="23116E12-04C0-4FA6-BDD4-3082E33A4375-24835" description="" completion_type="2">
                    <title>2.5 Empathy map</title>
                </item>
                <item identifier="54277" identifierref="RES_CONTENT_54277" d2l_2p0:id="30" d2l_2p0:resource_code="23116E12-04C0-4FA6-BDD4-3082E33A4375-24837" description="" completion_type="2">
                    <title>2.6 What is a journey map?</title>
                </item>
                <item identifier="54278" identifierref="RES_CONTENT_54278" d2l_2p0:id="31" d2l_2p0:resource_code="23116E12-04C0-4FA6-BDD4-3082E33A4375-24841" description="" completion_type="2">
                    <title>2.7 Elements of a successful journey map</title>
                </item>
                <item identifier="54279" identifierref="RES_CONTENT_54279" d2l_2p0:id="32" d2l_2p0:resource_code="23116E12-04C0-4FA6-BDD4-3082E33A4375-24851" description="" completion_type="2">
                    <title>2.8 DFO’s journey map example</title>
                </item>
                <item identifier="57734" identifierref="RES_CONTENT_57734" d2l_2p0:id="33" d2l_2p0:resource_code="23116E12-04C0-4FA6-BDD4-3082E33A4375-30550" description="" completion_type="2" resource_type_key="D2L.LE.Quizzing.Quiz">
                    <title>2.9 Journey map activity 1</title>
                </item>
                <item identifier="54281" identifierref="RES_CONTENT_54281" d2l_2p0:id="34" d2l_2p0:resource_code="23116E12-04C0-4FA6-BDD4-3082E33A4375-26590" description="" completion_type="2" resource_type_key="D2L.LE.Quizzing.Quiz">
                    <title>2.10 Journey map activity 2</title>
                </item>
                <item identifier="54282" identifierref="RES_CONTENT_54282" d2l_2p0:id="35" d2l_2p0:resource_code="23116E12-04C0-4FA6-BDD4-3082E33A4375-24855" description="" completion_type="2">
                    <title>2.11 Journey map activities feedback</title>
                </item>
                <item identifier="54283" identifierref="RES_CONTENT_54283" d2l_2p0:id="36" d2l_2p0:resource_code="23116E12-04C0-4FA6-BDD4-3082E33A4375-24856" description="" completion_type="2">
                    <title>2.12 Summary</title>
                </item>
            </item>
            <item identifier="54284" identifierref="RES_CONTENT_54284" d2l_2p0:id="37" d2l_2p0:resource_code="23116E12-04C0-4FA6-BDD4-3082E33A4375-26589" description="&lt;p style=&quot;text-align: center;&quot;&gt;&lt;img src=&quot;Module%203/Images/ddn237_visual_m3_title%20page.PNG&quot; alt=&quot;&quot; title=&quot;&quot; data-d2l-editor-default-img-style=&quot;true&quot; style=&quot;max-width: 100%;&quot;&gt;&lt;/p&gt;" completion_type="2">
                <title>Module 3 Identifying stakeholders and the boundaries of a desirable, viable, feasible solution</title>
                <item identifier="54285" identifierref="RES_CONTENT_54285" d2l_2p0:id="38" d2l_2p0:resource_code="23116E12-04C0-4FA6-BDD4-3082E33A4375-26564" description="" completion_type="2">
                    <title>3.1 Learning objectives</title>
                </item>
                <item identifier="54286" identifierref="RES_CONTENT_54286" d2l_2p0:id="39" d2l_2p0:resource_code="23116E12-04C0-4FA6-BDD4-3082E33A4375-26565" description="" completion_type="2">
                    <title>3.2 Different types of problems and what to expect</title>
                </item>
                <item identifier="54287" identifierref="RES_CONTENT_54287" d2l_2p0:id="40" d2l_2p0:resource_code="23116E12-04C0-4FA6-BDD4-3082E33A4375-26569" description="" completion_type="2">
                    <title>3.3 Different types of problems: examples</title>
                </item>
                <item identifier="54288" identifierref="RES_CONTENT_54288" d2l_2p0:id="41" d2l_2p0:resource_code="23116E12-04C0-4FA6-BDD4-3082E33A4375-26570" description="" completion_type="2">
                    <title>3.4 Different types of problems and the boundaries of the solution space</title>
                </item>
                <item identifier="54289" identifierref="RES_CONTENT_54289" d2l_2p0:id="42" d2l_2p0:resource_code="23116E12-04C0-4FA6-BDD4-3082E33A4375-26571" description="" completion_type="2">
                    <title>3.5 What is desirability, viability, feasibility?</title>
                </item>
                <item identifier="54290" identifierref="RES_CONTENT_54290" d2l_2p0:id="43" d2l_2p0:resource_code="23116E12-04C0-4FA6-BDD4-3082E33A4375-26573" description="" completion_type="2">
                    <title>3.6 The mission model canvas</title>
                </item>
                <item identifier="54291" identifierref="RES_CONTENT_54291" d2l_2p0:id="44" d2l_2p0:resource_code="23116E12-04C0-4FA6-BDD4-3082E33A4375-26574" description="" completion_type="2">
                    <title>3.7 The mission model canvas and the boundaries of the solution space</title>
                </item>
                <item identifier="54292" identifierref="RES_CONTENT_54292" d2l_2p0:id="45" d2l_2p0:resource_code="23116E12-04C0-4FA6-BDD4-3082E33A4375-26575" description="" completion_type="2">
                    <title>3.8 The mission model canvas: DFO example</title>
                </item>
                <item identifier="54293" identifierref="RES_CONTENT_54293" d2l_2p0:id="46" d2l_2p0:resource_code="23116E12-04C0-4FA6-BDD4-3082E33A4375-26576" description="" completion_type="2">
                    <title>3.9 Stakeholder mapping</title>
                </item>
                <item identifier="54294" identifierref="RES_CONTENT_54294" d2l_2p0:id="47" d2l_2p0:resource_code="23116E12-04C0-4FA6-BDD4-3082E33A4375-26577" description="" completion_type="2">
                    <title>3.10 Determine who your stakeholders are</title>
                </item>
                <item identifier="54295" identifierref="RES_CONTENT_54295" d2l_2p0:id="48" d2l_2p0:resource_code="23116E12-04C0-4FA6-BDD4-3082E33A4375-26581" description="" completion_type="2">
                    <title>3.11 Prioritize your list of stakeholders</title>
                </item>
                <item identifier="54296" identifierref="RES_CONTENT_54296" d2l_2p0:id="49" d2l_2p0:resource_code="23116E12-04C0-4FA6-BDD4-3082E33A4375-26582" description="" completion_type="2">
                    <title>3.12 Prioritize your list of stakeholders activity</title>
                </item>
                <item identifier="54297" identifierref="RES_CONTENT_54297" d2l_2p0:id="50" d2l_2p0:resource_code="23116E12-04C0-4FA6-BDD4-3082E33A4375-26594" description="" completion_type="2">
                    <title>3.13 Point-of-view problem statements</title>
                </item>
                <item identifier="54298" identifierref="RES_CONTENT_54298" d2l_2p0:id="51" d2l_2p0:resource_code="23116E12-04C0-4FA6-BDD4-3082E33A4375-26595" description="" completion_type="2">
                    <title>3.14 How to compose a POV problem statement</title>
                </item>
                <item identifier="54299" identifierref="RES_CONTENT_54299" d2l_2p0:id="52" d2l_2p0:resource_code="23116E12-04C0-4FA6-BDD4-3082E33A4375-26596" description="" completion_type="2">
                    <title>3.15 POV problem statements: Examples</title>
                </item>
                <item identifier="54300" identifierref="RES_CONTENT_54300" d2l_2p0:id="53" d2l_2p0:resource_code="23116E12-04C0-4FA6-BDD4-3082E33A4375-30544" description="" completion_type="2">
                    <title>3.16 Assignment: Writing point-of-view problem statements</title>
                </item>
                <item identifier="54301" identifierref="RES_CONTENT_54301" d2l_2p0:id="54" d2l_2p0:resource_code="23116E12-04C0-4FA6-BDD4-3082E33A4375-30545" description="" completion_type="2" resource_type_key="D2L.LE.Dropbox.Dropbox">
                    <title>3.16 Assignment: Writing POV problem statement</title>
                </item>
                <item identifier="54302" identifierref="RES_CONTENT_54302" d2l_2p0:id="55" d2l_2p0:resource_code="23116E12-04C0-4FA6-BDD4-3082E33A4375-26598" description="" completion_type="2">
                    <title>3.17 Summary</title>
                </item>
            </item>
            <item identifier="54303" identifierref="RES_CONTENT_54303" d2l_2p0:id="56" d2l_2p0:resource_code="23116E12-04C0-4FA6-BDD4-3082E33A4375-30541" description="&lt;p style=&quot;text-align: center;&quot;&gt;&lt;img src=&quot;DDN237%20quiz.PNG&quot; alt=&quot;&quot; title=&quot;&quot; data-d2l-editor-default-img-style=&quot;true&quot; style=&quot;max-width: 100%;&quot;&gt;&lt;/p&gt;" completion_type="2">
                <title>Test your knowledge</title>
                <item identifier="54304" identifierref="RES_CONTENT_54304" d2l_2p0:id="57" d2l_2p0:resource_code="23116E12-04C0-4FA6-BDD4-3082E33A4375-30546" description="" completion_type="2" resource_type_key="D2L.LE.Quizzing.Quiz">
                    <title>Test your knowledge: Final quiz</title>
                </item>
            </item>
            <item identifier="54305" identifierref="RES_CONTENT_54305" d2l_2p0:id="58" d2l_2p0:resource_code="23116E12-04C0-4FA6-BDD4-3082E33A4375-28413" description="&lt;p style=&quot;text-align: center;&quot;&gt;&lt;img src=&quot;Course%20conclusion/ddn237_visual_conclusion_title%20page.PNG&quot; alt=&quot;&quot; title=&quot;&quot; data-d2l-editor-default-img-style=&quot;true&quot; style=&quot;max-width: 100%;&quot;&gt;&lt;/p&gt;" completion_type="2">
                <title>Course conclusion</title>
                <item identifier="54306" identifierref="RES_CONTENT_54306" d2l_2p0:id="59" d2l_2p0:resource_code="23116E12-04C0-4FA6-BDD4-3082E33A4375-26604" description="" completion_type="2">
                    <title>Summary</title>
                </item>
                <item identifier="54307" identifierref="RES_CONTENT_54307" d2l_2p0:id="60" d2l_2p0:resource_code="23116E12-04C0-4FA6-BDD4-3082E33A4375-26640" description="" completion_type="2">
                    <title>Job aids, resources and next steps</title>
                </item>
                <item identifier="57664" identifierref="RES_CONTENT_57664" d2l_2p0:id="61" d2l_2p0:resource_code="23116E12-04C0-4FA6-BDD4-3082E33A4375-30552" description="" completion_type="2" resource_type_key="D2L.LE.Survey.Survey">
                    <title>Survey for Learners</title>
                </item>
                <item identifier="57665" identifierref="RES_CONTENT_57665" d2l_2p0:id="62" d2l_2p0:resource_code="23116E12-04C0-4FA6-BDD4-3082E33A4375-30553" description="" completion_type="2" resource_type_key="D2L.LE.Survey.Survey">
                    <title>Survey for SMEs</title>
                </item>
            </item>
            <item identifier="54308" identifierref="RES_CONTENT_54308" d2l_2p0:id="63" isvisible="False" d2l_2p0:resource_code="23116E12-04C0-4FA6-BDD4-3082E33A4375-30542" description="&lt;p&gt;&lt;span style=&quot;font-size: 20px;&quot;&gt;&lt;strong&gt;Reference correct answers (similar answers acceptable, please use judgment):&lt;/strong&gt;&lt;/span&gt;&lt;/p&gt;&#xA;&lt;p&gt;&lt;span style=&quot;font-size: 20px;&quot;&gt;&lt;strong&gt;&lt;/strong&gt;&lt;/span&gt;&lt;/p&gt;&#xA;&lt;p&gt;&lt;span style=&quot;font-size: 20px;&quot;&gt;CLAUDINE:&lt;/span&gt;&lt;/p&gt;&#xA;&lt;p&gt;&lt;span style=&quot;font-size: 20px;&quot;&gt;I am a senior manager / executive / director / team lead&lt;/span&gt;&lt;/p&gt;&#xA;&lt;p&gt;&lt;span style=&quot;font-size: 20px;&quot;&gt;I am trying to keep my team focused / deliver the engagement paper / focus on more important things than regulatory reviews&lt;/span&gt;&lt;/p&gt;&#xA;&lt;p&gt;&lt;span style=&quot;font-size: 20px;&quot;&gt;But my team spends too much time on regulatory reviews / my team is distracted / my team is too small&lt;/span&gt;&lt;/p&gt;&#xA;&lt;p&gt;&lt;span style=&quot;font-size: 20px;&quot;&gt;Because members of the public fill in the wrong forms / our process for processing regulatory review applications takes more time than expected / I don’t have enough staff to keep up with the workload&lt;/span&gt;&lt;/p&gt;&#xA;&lt;p&gt;&lt;span style=&quot;font-size: 20px;&quot;&gt;Which makes me feel annoyed / frustrated / out of control.&lt;/span&gt;&lt;/p&gt;&#xA;&lt;p&gt;&lt;span style=&quot;font-size: 20px;&quot;&gt;&lt;/span&gt;&lt;/p&gt;&#xA;&lt;p&gt;&lt;span style=&quot;font-size: 20px;&quot;&gt;MORGAN:&lt;/span&gt;&lt;/p&gt;&#xA;&lt;p&gt;&lt;span style=&quot;font-size: 20px;&quot;&gt;I am a DFO staff member / engagement manager / communications coordinator&lt;/span&gt;&lt;/p&gt;&#xA;&lt;p&gt;&lt;span style=&quot;font-size: 20px;&quot;&gt;I am trying to serve members of the public / process applications for regulatory reviews efficiently / stay on top of my workload&lt;/span&gt;&lt;/p&gt;&#xA;&lt;p&gt;&lt;span style=&quot;font-size: 20px;&quot;&gt;But the process to apply for regulatory review is not working / I have too much work processing regulatory review requests / if I don’t process regulatory review requests, members of the public keep calling me and getting angry&lt;/span&gt;&lt;/p&gt;&#xA;&lt;p&gt;&lt;span style=&quot;font-size: 20px;&quot;&gt;Because our process is confusing for members of the public / members of the public are poorly informed / I don’t have time to fix the process for regulatory reviews&lt;/span&gt;&lt;/p&gt;&#xA;&lt;p&gt;&lt;span style=&quot;font-size: 20px;&quot;&gt;Which makes me feel overwhelmed / frustrated.&lt;/span&gt;&lt;/p&gt;&#xA;&lt;p&gt;&lt;span style=&quot;font-size: 20px;&quot;&gt;&lt;/span&gt;&lt;/p&gt;&#xA;&lt;p&gt;&lt;span style=&quot;font-size: 20px;&quot;&gt;DAVE&lt;/span&gt;&lt;/p&gt;&#xA;&lt;p&gt;&lt;span style=&quot;font-size: 20px;&quot;&gt;I am a member of the public / constituent / proponent / Canadian&lt;/span&gt;&lt;/p&gt;&#xA;&lt;p&gt;&lt;span style=&quot;font-size: 20px;&quot;&gt;I am trying to comply with the laws and not get into trouble / build a dock&lt;/span&gt;&lt;/p&gt;&#xA;&lt;p&gt;&lt;span style=&quot;font-size: 20px;&quot;&gt;But the regulatory review process is taking too long / the regulatory review process is confusing and might be wasting my time / I don’t know if I need a regulatory review and it is taking too long to find out&lt;/span&gt;&lt;/p&gt;&#xA;&lt;p&gt;&lt;span style=&quot;font-size: 20px;&quot;&gt;Because only a biologist can review my application&lt;/span&gt;&lt;/p&gt;&#xA;&lt;p&gt;&lt;span style=&quot;font-size: 20px;&quot;&gt;Which makes me feel frustrated / impatient.&lt;/span&gt;&lt;/p&gt;&#xA;&lt;p&gt;&lt;span style=&quot;font-size: 20px;&quot;&gt;&lt;strong&gt;Please provide 1-2 sentences of qualitative feedback, including other acceptable answers, explanations of why it’s wrong if it is, and how to improve it.&lt;/strong&gt;&lt;/span&gt;&lt;/p&gt;" completion_type="2">
                <title>Instructor's Notes</title>
            </item>
            <item identifier="57542" identifierref="RES_CONTENT_57542" d2l_2p0:id="64" d2l_2p0:resource_code="23116E12-04C0-4FA6-BDD4-3082E33A4375-30543" description="" completion_type="2">
                <title>Backups</title>
                <item identifier="54993" identifierref="RES_CONTENT_54993" d2l_2p0:id="65" isvisible="False" d2l_2p0:resource_code="23116E12-04C0-4FA6-BDD4-3082E33A4375-30551" description="" completion_type="2" resource_type_key="D2L.LE.SelfAssessmentEntity">
                    <title>test</title>
                </item>
                <item identifier="54280" identifierref="RES_CONTENT_54280" d2l_2p0:id="66" isvisible="False" d2l_2p0:resource_code="23116E12-04C0-4FA6-BDD4-3082E33A4375-24853" description="" completion_type="2">
                    <title>2.9 Journey map activity 1</title>
                </item>
                <item identifier="54274" identifierref="RES_CONTENT_54274" d2l_2p0:id="67" isvisible="False" d2l_2p0:resource_code="23116E12-04C0-4FA6-BDD4-3082E33A4375-24816" description="" completion_type="2">
                    <title>2.3 Understanding the system from the perspective of those affected</title>
                </item>
                <item identifier="57221" identifierref="RES_CONTENT_57221" d2l_2p0:id="68" isvisible="False" d2l_2p0:resource_code="23116E12-04C0-4FA6-BDD4-3082E33A4375-30085" description="" completion_type="2">
                    <title>2.11 Journey map activities feedback</title>
                </item>
                <item identifier="55000" identifierref="RES_CONTENT_55000" d2l_2p0:id="69" isvisible="False" d2l_2p0:resource_code="23116E12-04C0-4FA6-BDD4-3082E33A4375-29065" description="" completion_type="2">
                    <title>2.3 Understanding the system from the perspective of those affected</title>
                </item>
                <item identifier="54264" identifierref="RES_CONTENT_54264" d2l_2p0:id="70" isvisible="False" d2l_2p0:resource_code="23116E12-04C0-4FA6-BDD4-3082E33A4375-24778" description="" completion_type="2">
                    <title>1.9 Asking good questions: Who, What, Where, When, Why, and How</title>
                </item>
                <item identifier="54263" identifierref="RES_CONTENT_54263" d2l_2p0:id="71" isvisible="False" d2l_2p0:resource_code="23116E12-04C0-4FA6-BDD4-3082E33A4375-24776" description="" completion_type="2">
                    <title>1.8 Asking good questions: The 5 Whys</title>
                </item>
                <item identifier="54267" identifierref="RES_CONTENT_54267" d2l_2p0:id="72" isvisible="False" d2l_2p0:resource_code="23116E12-04C0-4FA6-BDD4-3082E33A4375-24785" description="" completion_type="2">
                    <title>1.12 Cause and effect reaction activity 1</title>
                </item>
                <item identifier="54269" identifierref="RES_CONTENT_54269" d2l_2p0:id="73" isvisible="False" d2l_2p0:resource_code="23116E12-04C0-4FA6-BDD4-3082E33A4375-24791" description="" completion_type="2">
                    <title>1.14 Cause and effect reaction activity 2</title>
                </item>
                <item identifier="57220" identifierref="RES_CONTENT_57220" d2l_2p0:id="74" isvisible="False" d2l_2p0:resource_code="23116E12-04C0-4FA6-BDD4-3082E33A4375-30084" description="" completion_type="2">
                    <title>DDN237 Mod 1.14 graphic</title>
                </item>
                <item identifier="68555" identifierref="RES_CONTENT_68555" d2l_2p0:id="75" isvisible="False" d2l_2p0:resource_code="23116E12-04C0-4FA6-BDD4-3082E33A4375-35625" description="" completion_type="2">
                    <title>Call-out demo</title>
                </item>
                <item identifier="69276" identifierref="RES_CONTENT_69276" d2l_2p0:id="76" d2l_2p0:resource_code="23116E12-04C0-4FA6-BDD4-3082E33A4375-35910" description="" completion_type="2">
                    <title>Dialogue Display</title>
                </item>
                <item identifier="68801" identifierref="RES_CONTENT_68801" d2l_2p0:id="77" description="" completion_type="2" resource_type_key="D2L.LE.Dropbox.Dropbox">
                    <title>Text submission</title>
                </item>
            </item>
        </organization>
    </organizations>
    <resources>
        <resource identifier="res_rubrics" type="webcontent" d2l_2p0:material_type="d2lrubrics" d2l_2p0:link_target="" href="rubrics_d2l.xml" title="" />
        <resource identifier="RES_CONTENT_54252" type="webcontent" d2l_2p0:material_type="contentmodule" d2l_2p0:link_target="" href="" title="" />
        <resource identifier="RES_CONTENT_54675" type="webcontent" d2l_2p0:material_type="content" d2l_2p0:link_target="" href="Read me first.html" title="" />
        <resource identifier="RES_CONTENT_54253" type="webcontent" d2l_2p0:material_type="content" d2l_2p0:link_target="" href="About this course.html" title="" />
        <resource identifier="RES_CONTENT_54254" type="webcontent" d2l_2p0:material_type="content" d2l_2p0:link_target="" href="Course introduction\Course learning objectives.html" title="" />
        <resource identifier="RES_CONTENT_67650" type="webcontent" d2l_2p0:material_type="contentlink" d2l_2p0:link_target="_self" href="https://app.csps-efpc.gc.ca/content/Instructions.html?ou=6606&amp;d2l_body_type=3" title="" />
        <resource identifier="RES_CONTENT_54255" type="webcontent" d2l_2p0:material_type="contentmodule" d2l_2p0:link_target="" href="" title="" />
        <resource identifier="RES_CONTENT_54256" type="webcontent" d2l_2p0:material_type="content" d2l_2p0:link_target="" href="Module 1\1.1 Learning objectives.html" title="" />
        <resource identifier="RES_CONTENT_54257" type="webcontent" d2l_2p0:material_type="content" d2l_2p0:link_target="" href="Module 1\1.2 Framing the problem.html" title="" />
        <resource identifier="RES_CONTENT_54258" type="webcontent" d2l_2p0:material_type="content" d2l_2p0:link_target="" href="Module 1\1.3 Understanding Systems.html" title="" />
        <resource identifier="RES_CONTENT_54259" type="webcontent" d2l_2p0:material_type="content" d2l_2p0:link_target="" href="Module 1\1.4 Analysing the root cause.html" title="" />
        <resource identifier="RES_CONTENT_54260" type="webcontent" d2l_2p0:material_type="content" d2l_2p0:link_target="" href="Module 1\1.5 Analysing the Root Cause (continued).html" title="" />
        <resource identifier="RES_CONTENT_54261" type="webcontent" d2l_2p0:material_type="content" d2l_2p0:link_target="" href="Module 1\1.6 Analysing the Root Cause (continued).html" title="" />
        <resource identifier="RES_CONTENT_54262" type="webcontent" d2l_2p0:material_type="content" d2l_2p0:link_target="" href="Module 1\1.7 Asking Good Questions.html" title="" />
        <resource identifier="RES_CONTENT_54996" type="webcontent" d2l_2p0:material_type="content" d2l_2p0:link_target="" href="1.6 Asking good questions The 5 Whys.html" title="" />
        <resource identifier="RES_CONTENT_54997" type="webcontent" d2l_2p0:material_type="content" d2l_2p0:link_target="" href="1.9 Asking good questions Who, What, Where, When, Why, and How.html" title="" />
        <resource identifier="RES_CONTENT_54265" type="webcontent" d2l_2p0:material_type="content" d2l_2p0:link_target="" href="Module 1\1.10 Asking Good Questions (continued).html" title="" />
        <resource identifier="RES_CONTENT_54266" type="webcontent" d2l_2p0:material_type="content" d2l_2p0:link_target="" href="Module 1\1.11 Viewing a System from Different Perspectives.html" title="" />
        <resource identifier="RES_CONTENT_54999" type="webcontent" d2l_2p0:material_type="contentlink" d2l_2p0:link_target="" href="/d2l/common/dialogs/quickLink/quickLink.d2l?ou={orgUnitId}&amp;type=quiz&amp;rcode=23116E12-04C0-4FA6-BDD4-3082E33A4375-29064" title="" />
        <resource identifier="RES_CONTENT_54268" type="webcontent" d2l_2p0:material_type="content" d2l_2p0:link_target="" href="Module 1\1.13 Cause and Effect Reaction Activity 2.html" title="" />
        <resource identifier="RES_CONTENT_57227" type="webcontent" d2l_2p0:material_type="contentlink" d2l_2p0:link_target="" href="/d2l/common/dialogs/quickLink/quickLink.d2l?ou={orgUnitId}&amp;type=quiz&amp;rcode=23116E12-04C0-4FA6-BDD4-3082E33A4375-30090" title="" />
        <resource identifier="RES_CONTENT_54270" type="webcontent" d2l_2p0:material_type="content" d2l_2p0:link_target="" href="Module 1\1.15 Summary.html" title="" />
        <resource identifier="RES_CONTENT_54271" type="webcontent" d2l_2p0:material_type="contentmodule" d2l_2p0:link_target="" href="" title="" />
        <resource identifier="RES_CONTENT_54272" type="webcontent" d2l_2p0:material_type="content" d2l_2p0:link_target="" href="Module 2\2.1 Learning objectives.html" title="" />
        <resource identifier="RES_CONTENT_54273" type="webcontent" d2l_2p0:material_type="content" d2l_2p0:link_target="" href="Module 2\2.2 Understanding the impact a problem has on people  .html" title="" />
        <resource identifier="RES_CONTENT_57172" type="webcontent" d2l_2p0:material_type="contentlink" d2l_2p0:link_target="" href="/d2l/common/dialogs/quickLink/quickLink.d2l?ou={orgUnitId}&amp;type=discuss&amp;rcode=23116E12-04C0-4FA6-BDD4-3082E33A4375-30001" title="" />
        <resource identifier="RES_CONTENT_54275" type="webcontent" d2l_2p0:material_type="content" d2l_2p0:link_target="" href="Module 2\2.4 What is Empathy.html" title="" />
        <resource identifier="RES_CONTENT_54276" type="webcontent" d2l_2p0:material_type="content" d2l_2p0:link_target="" href="Module 2\2.5 Empathy map.html" title="" />
        <resource identifier="RES_CONTENT_54277" type="webcontent" d2l_2p0:material_type="content" d2l_2p0:link_target="" href="Module 2\2.6 What is a journey map.html" title="" />
        <resource identifier="RES_CONTENT_54278" type="webcontent" d2l_2p0:material_type="content" d2l_2p0:link_target="" href="Module 2\2.7 Elements of a successful journey map.html" title="" />
        <resource identifier="RES_CONTENT_54279" type="webcontent" d2l_2p0:material_type="content" d2l_2p0:link_target="" href="Module 2\2.8 DFO’s journey map example.html" title="" />
        <resource identifier="RES_CONTENT_57734" type="webcontent" d2l_2p0:material_type="contentlink" d2l_2p0:link_target="" href="/d2l/common/dialogs/quickLink/quickLink.d2l?ou={orgUnitId}&amp;type=quiz&amp;rcode=23116E12-04C0-4FA6-BDD4-3082E33A4375-30359" title="" />
        <resource identifier="RES_CONTENT_54281" type="webcontent" d2l_2p0:material_type="contentlink" d2l_2p0:link_target="" href="/d2l/common/dialogs/quickLink/quickLink.d2l?ou={orgUnitId}&amp;type=quiz&amp;rcode=23116E12-04C0-4FA6-BDD4-3082E33A4375-24854" title="" />
        <resource identifier="RES_CONTENT_54282" type="webcontent" d2l_2p0:material_type="content" d2l_2p0:link_target="" href="Module 2\2.11 Journey map activities feedback.html" title="" />
        <resource identifier="RES_CONTENT_54283" type="webcontent" d2l_2p0:material_type="content" d2l_2p0:link_target="" href="Module 2\2.12 Summary.html" title="" />
        <resource identifier="RES_CONTENT_54284" type="webcontent" d2l_2p0:material_type="contentmodule" d2l_2p0:link_target="" href="" title="" />
        <resource identifier="RES_CONTENT_54285" type="webcontent" d2l_2p0:material_type="content" d2l_2p0:link_target="" href="Module 3\3.1 Learning objectives.html" title="" />
        <resource identifier="RES_CONTENT_54286" type="webcontent" d2l_2p0:material_type="content" d2l_2p0:link_target="" href="Module 3\3.2 The different types of problems and what to expect.html" title="" />
        <resource identifier="RES_CONTENT_54287" type="webcontent" d2l_2p0:material_type="content" d2l_2p0:link_target="" href="Module 3\3.3 Different types of problems and what to expect (continued).html" title="" />
        <resource identifier="RES_CONTENT_54288" type="webcontent" d2l_2p0:material_type="content" d2l_2p0:link_target="" href="Module 3\3.4 Different types of problems and what to expect (continued).html" title="" />
        <resource identifier="RES_CONTENT_54289" type="webcontent" d2l_2p0:material_type="content" d2l_2p0:link_target="" href="Module 3\3.5 The boundaries of the solution space.html" title="" />
        <resource identifier="RES_CONTENT_54290" type="webcontent" d2l_2p0:material_type="content" d2l_2p0:link_target="" href="Module 3\3.6 The Mission model canvas.html" title="" />
        <resource identifier="RES_CONTENT_54291" type="webcontent" d2l_2p0:material_type="content" d2l_2p0:link_target="" href="Module 3\3.7 The mission model canvas (continued).html" title="" />
        <resource identifier="RES_CONTENT_54292" type="webcontent" d2l_2p0:material_type="content" d2l_2p0:link_target="" href="Module 3\3.8 An example of the mission model canvas.html" title="" />
        <resource identifier="RES_CONTENT_54293" type="webcontent" d2l_2p0:material_type="content" d2l_2p0:link_target="" href="Module 3\3.9 Stakeholders that are not users.html" title="" />
        <resource identifier="RES_CONTENT_54294" type="webcontent" d2l_2p0:material_type="content" d2l_2p0:link_target="" href="Module 3\3.10 Determine who your stakeholders are.html" title="" />
        <resource identifier="RES_CONTENT_54295" type="webcontent" d2l_2p0:material_type="content" d2l_2p0:link_target="" href="Module 3\3.11 Prioritize your list of stakeholders.html" title="" />
        <resource identifier="RES_CONTENT_54296" type="webcontent" d2l_2p0:material_type="content" d2l_2p0:link_target="" href="Module 3\3.12 Prioritize your list of stakeholders activity.html" title="" />
        <resource identifier="RES_CONTENT_54297" type="webcontent" d2l_2p0:material_type="content" d2l_2p0:link_target="" href="Module 3\3.13 Point-of-view problem statements.html" title="" />
        <resource identifier="RES_CONTENT_54298" type="webcontent" d2l_2p0:material_type="content" d2l_2p0:link_target="" href="Module 3\3.14 How to compose a POV problem statement.html" title="" />
        <resource identifier="RES_CONTENT_54299" type="webcontent" d2l_2p0:material_type="content" d2l_2p0:link_target="" href="Module 3\3.15 Examples of POV problem statements.html" title="" />
        <resource identifier="RES_CONTENT_54300" type="webcontent" d2l_2p0:material_type="contentlink" d2l_2p0:link_target="" href="/d2l/common/dialogs/quickLink/quickLink.d2l?ou={orgUnitId}&amp;type=dropbox&amp;rCode=23116E12-04C0-4FA6-BDD4-3082E33A4375-26597" title="" />
        <resource identifier="RES_CONTENT_54301" type="webcontent" d2l_2p0:material_type="contentlink" d2l_2p0:link_target="" href="/d2l/common/dialogs/quickLink/quickLink.d2l?ou={orgUnitId}&amp;type=dropbox&amp;rcode=23116E12-04C0-4FA6-BDD4-3082E33A4375-24142" title="" />
        <resource identifier="RES_CONTENT_54302" type="webcontent" d2l_2p0:material_type="content" d2l_2p0:link_target="" href="Module 3\3.17 Summary.html" title="" />
        <resource identifier="RES_CONTENT_54303" type="webcontent" d2l_2p0:material_type="contentmodule" d2l_2p0:link_target="" href="" title="" />
        <resource identifier="RES_CONTENT_54304" type="webcontent" d2l_2p0:material_type="contentlink" d2l_2p0:link_target="" href="/d2l/common/dialogs/quickLink/quickLink.d2l?ou={orgUnitId}&amp;type=quiz&amp;rcode=23116E12-04C0-4FA6-BDD4-3082E33A4375-26606" title="" />
        <resource identifier="RES_CONTENT_54305" type="webcontent" d2l_2p0:material_type="contentmodule" d2l_2p0:link_target="" href="" title="" />
        <resource identifier="RES_CONTENT_54306" type="webcontent" d2l_2p0:material_type="content" d2l_2p0:link_target="" href="Module 4\4.2 Modules review.html" title="" />
        <resource identifier="RES_CONTENT_54307" type="webcontent" d2l_2p0:material_type="content" d2l_2p0:link_target="" href="Course conclusion\Summary.html" title="" />
        <resource identifier="RES_CONTENT_57664" type="webcontent" d2l_2p0:material_type="contentlink" d2l_2p0:link_target="" href="/d2l/common/dialogs/quickLink/quickLink.d2l?ou={orgUnitId}&amp;type=survey&amp;rCode=23116E12-04C0-4FA6-BDD4-3082E33A4375-30324" title="" />
        <resource identifier="RES_CONTENT_57665" type="webcontent" d2l_2p0:material_type="contentlink" d2l_2p0:link_target="" href="/d2l/common/dialogs/quickLink/quickLink.d2l?ou={orgUnitId}&amp;type=survey&amp;rCode=23116E12-04C0-4FA6-BDD4-3082E33A4375-30325" title="" />
        <resource identifier="RES_CONTENT_54308" type="webcontent" d2l_2p0:material_type="contentmodule" d2l_2p0:link_target="" href="" title="" />
        <resource identifier="RES_CONTENT_57542" type="webcontent" d2l_2p0:material_type="contentmodule" d2l_2p0:link_target="" href="" title="" />
        <resource identifier="RES_CONTENT_54993" type="webcontent" d2l_2p0:material_type="contentlink" d2l_2p0:link_target="" href="/d2l/common/dialogs/quickLink/quickLink.d2l?ou={orgUnitId}&amp;type=selfassess&amp;rcode=23116E12-04C0-4FA6-BDD4-3082E33A4375-29057" title="" />
        <resource identifier="RES_CONTENT_54280" type="webcontent" d2l_2p0:material_type="content" d2l_2p0:link_target="" href="Module 2\2.9 Journey map activity 1.html" title="" />
        <resource identifier="RES_CONTENT_54274" type="webcontent" d2l_2p0:material_type="content" d2l_2p0:link_target="" href="Module 2\2.3 Understanding the system from the perspective of those affected.html" title="" />
        <resource identifier="RES_CONTENT_57221" type="webcontent" d2l_2p0:material_type="content" d2l_2p0:link_target="" href="2.11 Journey map activities feedback.html" title="" />
        <resource identifier="RES_CONTENT_55000" type="webcontent" d2l_2p0:material_type="content" d2l_2p0:link_target="" href="2.3 Understanding the system from the perspective of those affected.html" title="" />
        <resource identifier="RES_CONTENT_54264" type="webcontent" d2l_2p0:material_type="content" d2l_2p0:link_target="" href="Module 1\1.9 Asking Good Questions (continued).html" title="" />
        <resource identifier="RES_CONTENT_54263" type="webcontent" d2l_2p0:material_type="content" d2l_2p0:link_target="" href="Module 1\1.8 Asking Good Questions (continued).html" title="" />
        <resource identifier="RES_CONTENT_54267" type="webcontent" d2l_2p0:material_type="content" d2l_2p0:link_target="" href="Module 1\1.12 Cause and Effect Reaction Activity 1.html" title="" />
        <resource identifier="RES_CONTENT_54269" type="webcontent" d2l_2p0:material_type="content" d2l_2p0:link_target="" href="Module 1\1.14 Cause and Effect Reaction Activity 2 (continued).html" title="" />
        <resource identifier="RES_CONTENT_57220" type="webcontent" d2l_2p0:material_type="content" d2l_2p0:link_target="" href="Module 1\1.14 graphic.html" title="" />
        <resource identifier="RES_CONTENT_68555" type="webcontent" d2l_2p0:material_type="content" d2l_2p0:link_target="" href="Call-out demo.html" title="" />
        <resource identifier="RES_CONTENT_69276" type="webcontent" d2l_2p0:material_type="content" d2l_2p0:link_target="" href="Dialogue Display\Dialogue Display.html" title="" />
        <resource identifier="RES_CONTENT_68801" type="webcontent" d2l_2p0:material_type="contentlink" d2l_2p0:link_target="" href="/d2l/common/dialogs/quickLink/quickLink.d2l?ou={orgUnitId}&amp;type=dropbox&amp;rCode=23116E12-04C0-4FA6-BDD4-3082E33A4375-35740" title="" />
        <resource identifier="res_syllabus" type="webcontent" d2l_2p0:material_type="d2lsyllabus" d2l_2p0:link_target="" href="syllabus_d2l.xml" title="" />
        <resource identifier="res_quiz_3309" type="webcontent" d2l_2p0:material_type="d2lquiz" d2l_2p0:link_target="" href="quiz_d2l_3309.xml" title="Test your knowledge: Final quiz" />
        <resource identifier="res_quiz_3339" type="webcontent" d2l_2p0:material_type="d2lquiz" d2l_2p0:link_target="" href="quiz_d2l_3339.xml" title="1.8 Asking good questions: The 5 Whys" />
        <resource identifier="res_quiz_3345" type="webcontent" d2l_2p0:material_type="d2lquiz" d2l_2p0:link_target="" href="quiz_d2l_3345.xml" title="1.12 Cause and effect reaction activity 1" />
        <resource identifier="res_quiz_3404" type="webcontent" d2l_2p0:material_type="d2lquiz" d2l_2p0:link_target="" href="quiz_d2l_3404.xml" title="1.14 Cause and effect reaction activity 2" />
        <resource identifier="res_quiz_3440" type="webcontent" d2l_2p0:material_type="d2lquiz" d2l_2p0:link_target="" href="quiz_d2l_3440.xml" title="2.10 Journey map activity 2" />
        <resource identifier="res_quiz_3445" type="webcontent" d2l_2p0:material_type="d2lquiz" d2l_2p0:link_target="" href="quiz_d2l_3445.xml" title="2.9 Journey map activity 1" />
        <resource identifier="res_quiz_3310" type="webcontent" d2l_2p0:material_type="d2lquiz" d2l_2p0:link_target="" href="quiz_d2l_3310.xml" title="2.10 Journey map activity 2" />
        <resource identifier="res_discuss_1" type="webcontent" d2l_2p0:material_type="d2ldiscussion" d2l_2p0:link_target="" href="discussion_d2l_1.xml" title="" />
        <resource identifier="res_dropbox" type="webcontent" d2l_2p0:material_type="d2ldropbox" d2l_2p0:link_target="" href="dropbox_d2l.xml" title="" />
        <resource identifier="res_survey_3344" type="webcontent" d2l_2p0:material_type="d2lsurvey" d2l_2p0:link_target="" href="survey_d2l_3344.xml" title="1.8 Asking good questions: The 5 Whys" />
        <resource identifier="res_survey_3346" type="webcontent" d2l_2p0:material_type="d2lsurvey" d2l_2p0:link_target="" href="survey_d2l_3346.xml" title="2.3/2.4 Self-Reflection" />
        <resource identifier="res_survey_3434" type="webcontent" d2l_2p0:material_type="d2lsurvey" d2l_2p0:link_target="" href="survey_d2l_3434.xml" title="Survey for Learners" />
        <resource identifier="res_survey_3437" type="webcontent" d2l_2p0:material_type="d2lsurvey" d2l_2p0:link_target="" href="survey_d2l_3437.xml" title="Survey for SMEs" />
        <resource identifier="res_survey_3438" type="webcontent" d2l_2p0:material_type="d2lsurvey" d2l_2p0:link_target="" href="survey_d2l_3438.xml" title="Test" />
        <resource identifier="res_selfassess_3341" type="webcontent" d2l_2p0:material_type="d2lselfassess" d2l_2p0:link_target="" href="selfassess_d2l_3341.xml" title="test" />
        <resource identifier="res_selfassess_3353" type="webcontent" d2l_2p0:material_type="d2lselfassess" d2l_2p0:link_target="" href="selfassess_d2l_3353.xml" title="2.7 Self-Reflection: Elements of a successful journey map " />
        <resource identifier="res_grades" type="webcontent" d2l_2p0:material_type="d2lgrades" d2l_2p0:link_target="" href="grades_d2l.xml" title="" />
        <resource identifier="res_courseimage" type="webcontent" d2l_2p0:material_type="d2lcourseimage" d2l_2p0:link_target="" href="courseimage_d2l.xml" title="" />
        <resource identifier="res_conditionalrelease" type="webcontent" d2l_2p0:material_type="d2lconditionalrelease" d2l_2p0:link_target="" href="conditionalrelease_d2l.xml" title="" />
    </resources>
</manifest>