﻿<?xml version="1.0" encoding="UTF-8"?><questestinterop xmlns:d2l_2p0="http://desire2learn.com/xsd/d2lcp_v2p0"><assessment d2l_2p0:id="84" title="2.10 Journey map activity 2" ident="res_quiz_3310" d2l_2p0:resource_code="23116E12-04C0-4FA6-BDD4-3082E33A4375-24854"><rubric><flow_mat><material><mattext d2l_2p0:isdisplayed="no" texttype="text/html">&lt;p&gt;Although we are still focused on understanding Dave's perspective in his journey, we can start including Potential Opportunities on the Journey Map. Starting to list the opportunities will help the DFO team to see the full breadth of possibilities within the problem framing process.&lt;/p&gt;</mattext></material></flow_mat></rubric><assessmentcontrol hintswitch="no" solutionswitch="yes" feedbackswitch="no" /><presentation_material><flow_mat><material label="page header"><mattext d2l_2p0:isdisplayed="no" texttype="text/html" /></material><material label="page footer"><mattext d2l_2p0:isdisplayed="no" texttype="text/html" /></material></flow_mat></presentation_material><assess_procextension><d2l_2p0:intro_message d2l_2p0:isdisplayed="no" texttype="text/html" /><category ident="128" d2l_2p0:sortorder="1">DDN 237</category><d2l_2p0:disable_right_click>no</d2l_2p0:disable_right_click><d2l_2p0:disable_pager_access>no</d2l_2p0:disable_pager_access><is_active>yes</is_active><d2l_2p0:date_start /><d2l_2p0:date_end /><d2l_2p0:date_due /><d2l_2p0:has_schedule_event>no</d2l_2p0:has_schedule_event><d2l_2p0:is_attempt_Rldb>no</d2l_2p0:is_attempt_Rldb><d2l_2p0:is_subview_Rldb>no</d2l_2p0:is_subview_Rldb><d2l_2p0:time_limit>0</d2l_2p0:time_limit><d2l_2p0:show_clock>no</d2l_2p0:show_clock><d2l_2p0:enforce_time_limit>no</d2l_2p0:enforce_time_limit><d2l_2p0:grace_period>5</d2l_2p0:grace_period><d2l_2p0:late_limit>0</d2l_2p0:late_limit><d2l_2p0:attempts_allowed>0</d2l_2p0:attempts_allowed><d2l_2p0:attempt_restrictions /><d2l_2p0:mark_calculation_type>1</d2l_2p0:mark_calculation_type><d2l_2p0:is_forward_only>no</d2l_2p0:is_forward_only></assess_procextension><assessfeedback title=""><rubric><flow_mat><material><mattext texttype="yes" /></material></flow_mat></rubric><d2l_2p0:duration>0</d2l_2p0:duration><d2l_2p0:response_display_type_id>2</d2l_2p0:response_display_type_id><d2l_2p0:show_correct_answers>yes</d2l_2p0:show_correct_answers><d2l_2p0:submission_restrictip>no</d2l_2p0:submission_restrictip><d2l_2p0:show_class_average>no</d2l_2p0:show_class_average><d2l_2p0:show_score_distribution>no</d2l_2p0:show_score_distribution></assessfeedback><section ident="CONTAINER_SECTION"><item ident="OBJ_41427" label="QUES_12312_17576" d2l_2p0:page="1" title="Pain points and opportunities"><itemmetadata><qtimetadata><qti_metadatafield><fieldlabel>qmd_computerscored</fieldlabel><fieldentry>yes</fieldentry></qti_metadatafield><qti_metadatafield><fieldlabel>qmd_questiontype</fieldlabel><fieldentry>Matching</fieldentry></qti_metadatafield><qti_metadatafield><fieldlabel>qmd_weighting</fieldlabel><fieldentry>1.000000000</fieldentry></qti_metadatafield><qti_metadatafield><fieldlabel>qmd_globalid</fieldlabel><fieldentry>78749d52-915e-4a26-8f62-ddd558701592</fieldentry></qti_metadatafield><qti_metadatafield><fieldlabel>qmd_displayid</fieldlabel><fieldentry>SB-Nataliya_Bukhanova-1</fieldentry></qti_metadatafield></qtimetadata></itemmetadata><itemproc_extension><d2l_2p0:difficulty>1</d2l_2p0:difficulty><d2l_2p0:isbonus>no</d2l_2p0:isbonus><d2l_2p0:ismandatory>no</d2l_2p0:ismandatory></itemproc_extension><presentation><flow><material><mattext texttype="text/html">&lt;p&gt;&lt;img src="DDN237_2.10_1100.jpg" alt="A line graph sits beneath the journey phases, user journey and user thoughts. This graph is a representation of the emotional curve of Dave's experience, from Happy to Frustrated. It tracks evenly thr" title="A line graph sits beneath the journey phases, user journey and user thoughts. This graph is a representation of the emotional curve of Dave's experience, from Happy to Frustrated. It tracks evenly thr" style="max-width: 100%;"/&gt;&lt;/p&gt;
&lt;p&gt;&lt;strong&gt;Instructions:&lt;/strong&gt;&lt;/p&gt;
&lt;p&gt;Match the potential opportunity with the corresponding pain point by assigning the correct number. Use journey map as reference.&lt;/p&gt;</mattext></material><response_extension><d2l_2p0:grading_type>1</d2l_2p0:grading_type></response_extension><response_grp respident="QUES_12312_17576_C68487" rcardinality="Single"><material><mattext texttype="text/html">&lt;p&gt;Dave doesn&amp;#39;t know what regulations and rules apply to his dock-building project.&lt;/p&gt;</mattext></material><render_choice shuffle="yes"><flow_label class="Block"><response_label ident="QUES_12312_17576_M68482"><flow_mat><material><mattext texttype="text/html">&lt;p&gt;In gas stations close to lakes and rivers, put up posters with QR codes informing locals about where to learn more about the DFO regulations most relevant to common waterfront projects.&lt;/p&gt;</mattext></material></flow_mat></response_label><response_label ident="QUES_12312_17576_M68483"><flow_mat><material><mattext texttype="text/html">&lt;p&gt;Improve the Projects Near Water website so that it equips people like Dave with the information and tools they need to proceed confidently with their projects near water.&lt;/p&gt;</mattext></material></flow_mat></response_label><response_label ident="QUES_12312_17576_M68484"><flow_mat><material><mattext texttype="text/html">&lt;p&gt;Rename the forms and rewrite the descriptions on the Projects Near Water website, so they are clearly understood by members of the public.&amp;#160;&lt;/p&gt;</mattext></material></flow_mat></response_label><response_label ident="QUES_12312_17576_M68485"><flow_mat><material><mattext texttype="text/html">&lt;p&gt;Provide people like Dave with tracking information and regular updates about their application for a regulatory review.&lt;/p&gt;</mattext></material></flow_mat></response_label><response_label ident="QUES_12312_17576_M68486"><flow_mat><material><mattext texttype="text/html">&lt;p&gt;A new program designed to restore fish habitats when they are impacted. &amp;#160;&lt;/p&gt;</mattext></material></flow_mat></response_label></flow_label></render_choice></response_grp><response_grp respident="QUES_12312_17576_C68488" rcardinality="Single"><material><mattext texttype="text/html">&lt;p&gt;Dave&amp;#39;s dock-building project might needs a regulatory review, according to the Projects Near Water website, but Dave doesn&amp;#39;t know for sure.&lt;/p&gt;</mattext></material><render_choice shuffle="yes"><flow_label class="Block"><response_label ident="QUES_12312_17576_M68482"><flow_mat><material><mattext texttype="text/html">&lt;p&gt;In gas stations close to lakes and rivers, put up posters with QR codes informing locals about where to learn more about the DFO regulations most relevant to common waterfront projects.&lt;/p&gt;</mattext></material></flow_mat></response_label><response_label ident="QUES_12312_17576_M68483"><flow_mat><material><mattext texttype="text/html">&lt;p&gt;Improve the Projects Near Water website so that it equips people like Dave with the information and tools they need to proceed confidently with their projects near water.&lt;/p&gt;</mattext></material></flow_mat></response_label><response_label ident="QUES_12312_17576_M68484"><flow_mat><material><mattext texttype="text/html">&lt;p&gt;Rename the forms and rewrite the descriptions on the Projects Near Water website, so they are clearly understood by members of the public.&amp;#160;&lt;/p&gt;</mattext></material></flow_mat></response_label><response_label ident="QUES_12312_17576_M68485"><flow_mat><material><mattext texttype="text/html">&lt;p&gt;Provide people like Dave with tracking information and regular updates about their application for a regulatory review.&lt;/p&gt;</mattext></material></flow_mat></response_label><response_label ident="QUES_12312_17576_M68486"><flow_mat><material><mattext texttype="text/html">&lt;p&gt;A new program designed to restore fish habitats when they are impacted. &amp;#160;&lt;/p&gt;</mattext></material></flow_mat></response_label></flow_label></render_choice></response_grp><response_grp respident="QUES_12312_17576_C68489" rcardinality="Single"><material><mattext texttype="text/html">&lt;p&gt;Dave is confused about what form to fill out on the Projects Near Water website.&lt;/p&gt;</mattext></material><render_choice shuffle="yes"><flow_label class="Block"><response_label ident="QUES_12312_17576_M68482"><flow_mat><material><mattext texttype="text/html">&lt;p&gt;In gas stations close to lakes and rivers, put up posters with QR codes informing locals about where to learn more about the DFO regulations most relevant to common waterfront projects.&lt;/p&gt;</mattext></material></flow_mat></response_label><response_label ident="QUES_12312_17576_M68483"><flow_mat><material><mattext texttype="text/html">&lt;p&gt;Improve the Projects Near Water website so that it equips people like Dave with the information and tools they need to proceed confidently with their projects near water.&lt;/p&gt;</mattext></material></flow_mat></response_label><response_label ident="QUES_12312_17576_M68484"><flow_mat><material><mattext texttype="text/html">&lt;p&gt;Rename the forms and rewrite the descriptions on the Projects Near Water website, so they are clearly understood by members of the public.&amp;#160;&lt;/p&gt;</mattext></material></flow_mat></response_label><response_label ident="QUES_12312_17576_M68485"><flow_mat><material><mattext texttype="text/html">&lt;p&gt;Provide people like Dave with tracking information and regular updates about their application for a regulatory review.&lt;/p&gt;</mattext></material></flow_mat></response_label><response_label ident="QUES_12312_17576_M68486"><flow_mat><material><mattext texttype="text/html">&lt;p&gt;A new program designed to restore fish habitats when they are impacted. &amp;#160;&lt;/p&gt;</mattext></material></flow_mat></response_label></flow_label></render_choice></response_grp><response_grp respident="QUES_12312_17576_C68490" rcardinality="Single"><material><mattext texttype="text/html">&lt;p&gt;Dave waits for a long time before getting an answer to his application.&lt;/p&gt;</mattext></material><render_choice shuffle="yes"><flow_label class="Block"><response_label ident="QUES_12312_17576_M68482"><flow_mat><material><mattext texttype="text/html">&lt;p&gt;In gas stations close to lakes and rivers, put up posters with QR codes informing locals about where to learn more about the DFO regulations most relevant to common waterfront projects.&lt;/p&gt;</mattext></material></flow_mat></response_label><response_label ident="QUES_12312_17576_M68483"><flow_mat><material><mattext texttype="text/html">&lt;p&gt;Improve the Projects Near Water website so that it equips people like Dave with the information and tools they need to proceed confidently with their projects near water.&lt;/p&gt;</mattext></material></flow_mat></response_label><response_label ident="QUES_12312_17576_M68484"><flow_mat><material><mattext texttype="text/html">&lt;p&gt;Rename the forms and rewrite the descriptions on the Projects Near Water website, so they are clearly understood by members of the public.&amp;#160;&lt;/p&gt;</mattext></material></flow_mat></response_label><response_label ident="QUES_12312_17576_M68485"><flow_mat><material><mattext texttype="text/html">&lt;p&gt;Provide people like Dave with tracking information and regular updates about their application for a regulatory review.&lt;/p&gt;</mattext></material></flow_mat></response_label><response_label ident="QUES_12312_17576_M68486"><flow_mat><material><mattext texttype="text/html">&lt;p&gt;A new program designed to restore fish habitats when they are impacted. &amp;#160;&lt;/p&gt;</mattext></material></flow_mat></response_label></flow_label></render_choice></response_grp><response_grp respident="QUES_12312_17576_C68491" rcardinality="Single"><material><mattext texttype="text/html">&lt;p&gt;Dave&amp;#39;s waterfront is less appealing now that dead fish float around his dock.&lt;/p&gt;</mattext></material><render_choice shuffle="yes"><flow_label class="Block"><response_label ident="QUES_12312_17576_M68482"><flow_mat><material><mattext texttype="text/html">&lt;p&gt;In gas stations close to lakes and rivers, put up posters with QR codes informing locals about where to learn more about the DFO regulations most relevant to common waterfront projects.&lt;/p&gt;</mattext></material></flow_mat></response_label><response_label ident="QUES_12312_17576_M68483"><flow_mat><material><mattext texttype="text/html">&lt;p&gt;Improve the Projects Near Water website so that it equips people like Dave with the information and tools they need to proceed confidently with their projects near water.&lt;/p&gt;</mattext></material></flow_mat></response_label><response_label ident="QUES_12312_17576_M68484"><flow_mat><material><mattext texttype="text/html">&lt;p&gt;Rename the forms and rewrite the descriptions on the Projects Near Water website, so they are clearly understood by members of the public.&amp;#160;&lt;/p&gt;</mattext></material></flow_mat></response_label><response_label ident="QUES_12312_17576_M68485"><flow_mat><material><mattext texttype="text/html">&lt;p&gt;Provide people like Dave with tracking information and regular updates about their application for a regulatory review.&lt;/p&gt;</mattext></material></flow_mat></response_label><response_label ident="QUES_12312_17576_M68486"><flow_mat><material><mattext texttype="text/html">&lt;p&gt;A new program designed to restore fish habitats when they are impacted. &amp;#160;&lt;/p&gt;</mattext></material></flow_mat></response_label></flow_label></render_choice></response_grp></flow></presentation><resprocessing><outcomes><decvar vartype="Integer" defaultval="0" varname="D2L_Correct" minvalue="0" maxvalue="100" /><decvar vartype="Integer" defaultval="0" varname="D2L_Incorrect" minvalue="0" maxvalue="100" /><decvar vartype="Decimal" defaultval="0" varname="que_score" minvalue="0" maxvalue="100" /></outcomes><respcondition><conditionvar><varequal respident="QUES_12312_17576_C68487">QUES_12312_17576_M68482</varequal></conditionvar><setvar varname="D2L_Correct" action="Add">1</setvar></respcondition><respcondition><conditionvar><varequal respident="QUES_12312_17576_C68487">QUES_12312_17576_M68483</varequal></conditionvar><setvar varname="D2L_Incorrect" action="Add">1</setvar></respcondition><respcondition><conditionvar><varequal respident="QUES_12312_17576_C68487">QUES_12312_17576_M68484</varequal></conditionvar><setvar varname="D2L_Incorrect" action="Add">1</setvar></respcondition><respcondition><conditionvar><varequal respident="QUES_12312_17576_C68487">QUES_12312_17576_M68485</varequal></conditionvar><setvar varname="D2L_Incorrect" action="Add">1</setvar></respcondition><respcondition><conditionvar><varequal respident="QUES_12312_17576_C68487">QUES_12312_17576_M68486</varequal></conditionvar><setvar varname="D2L_Incorrect" action="Add">1</setvar></respcondition><respcondition><conditionvar><varequal respident="QUES_12312_17576_C68488">QUES_12312_17576_M68482</varequal></conditionvar><setvar varname="D2L_Incorrect" action="Add">1</setvar></respcondition><respcondition><conditionvar><varequal respident="QUES_12312_17576_C68488">QUES_12312_17576_M68483</varequal></conditionvar><setvar varname="D2L_Correct" action="Add">1</setvar></respcondition><respcondition><conditionvar><varequal respident="QUES_12312_17576_C68488">QUES_12312_17576_M68484</varequal></conditionvar><setvar varname="D2L_Incorrect" action="Add">1</setvar></respcondition><respcondition><conditionvar><varequal respident="QUES_12312_17576_C68488">QUES_12312_17576_M68485</varequal></conditionvar><setvar varname="D2L_Incorrect" action="Add">1</setvar></respcondition><respcondition><conditionvar><varequal respident="QUES_12312_17576_C68488">QUES_12312_17576_M68486</varequal></conditionvar><setvar varname="D2L_Incorrect" action="Add">1</setvar></respcondition><respcondition><conditionvar><varequal respident="QUES_12312_17576_C68489">QUES_12312_17576_M68482</varequal></conditionvar><setvar varname="D2L_Incorrect" action="Add">1</setvar></respcondition><respcondition><conditionvar><varequal respident="QUES_12312_17576_C68489">QUES_12312_17576_M68483</varequal></conditionvar><setvar varname="D2L_Incorrect" action="Add">1</setvar></respcondition><respcondition><conditionvar><varequal respident="QUES_12312_17576_C68489">QUES_12312_17576_M68484</varequal></conditionvar><setvar varname="D2L_Correct" action="Add">1</setvar></respcondition><respcondition><conditionvar><varequal respident="QUES_12312_17576_C68489">QUES_12312_17576_M68485</varequal></conditionvar><setvar varname="D2L_Incorrect" action="Add">1</setvar></respcondition><respcondition><conditionvar><varequal respident="QUES_12312_17576_C68489">QUES_12312_17576_M68486</varequal></conditionvar><setvar varname="D2L_Incorrect" action="Add">1</setvar></respcondition><respcondition><conditionvar><varequal respident="QUES_12312_17576_C68490">QUES_12312_17576_M68482</varequal></conditionvar><setvar varname="D2L_Incorrect" action="Add">1</setvar></respcondition><respcondition><conditionvar><varequal respident="QUES_12312_17576_C68490">QUES_12312_17576_M68483</varequal></conditionvar><setvar varname="D2L_Incorrect" action="Add">1</setvar></respcondition><respcondition><conditionvar><varequal respident="QUES_12312_17576_C68490">QUES_12312_17576_M68484</varequal></conditionvar><setvar varname="D2L_Incorrect" action="Add">1</setvar></respcondition><respcondition><conditionvar><varequal respident="QUES_12312_17576_C68490">QUES_12312_17576_M68485</varequal></conditionvar><setvar varname="D2L_Correct" action="Add">1</setvar></respcondition><respcondition><conditionvar><varequal respident="QUES_12312_17576_C68490">QUES_12312_17576_M68486</varequal></conditionvar><setvar varname="D2L_Incorrect" action="Add">1</setvar></respcondition><respcondition><conditionvar><varequal respident="QUES_12312_17576_C68491">QUES_12312_17576_M68482</varequal></conditionvar><setvar varname="D2L_Incorrect" action="Add">1</setvar></respcondition><respcondition><conditionvar><varequal respident="QUES_12312_17576_C68491">QUES_12312_17576_M68483</varequal></conditionvar><setvar varname="D2L_Incorrect" action="Add">1</setvar></respcondition><respcondition><conditionvar><varequal respident="QUES_12312_17576_C68491">QUES_12312_17576_M68484</varequal></conditionvar><setvar varname="D2L_Incorrect" action="Add">1</setvar></respcondition><respcondition><conditionvar><varequal respident="QUES_12312_17576_C68491">QUES_12312_17576_M68485</varequal></conditionvar><setvar varname="D2L_Incorrect" action="Add">1</setvar></respcondition><respcondition><conditionvar><varequal respident="QUES_12312_17576_C68491">QUES_12312_17576_M68486</varequal></conditionvar><setvar varname="D2L_Correct" action="Add">1</setvar></respcondition><respcondition><conditionvar><vargte respident="D2L_Incorrect">0</vargte></conditionvar><setvar varname="que_score" action="Set">0</setvar></respcondition><respcondition><conditionvar><varequal respident="D2L_Incorrect">0</varequal></conditionvar><setvar varname="que_score" action="Set">1</setvar></respcondition></resprocessing></item></section></assessment></questestinterop>