﻿<?xml version="1.0" encoding="UTF-8"?><questestinterop xmlns:d2l_2p0="http://desire2learn.com/xsd/d2lcp_v2p0"><assessment d2l_2p0:id="81" title="1.14 Cause and effect reaction activity 2" ident="res_quiz_3404" d2l_2p0:resource_code="23116E12-04C0-4FA6-BDD4-3082E33A4375-30090"><rubric><flow_mat><material><mattext d2l_2p0:isdisplayed="no" texttype="text/html" /></material></flow_mat></rubric><assessmentcontrol hintswitch="no" solutionswitch="yes" feedbackswitch="no" /><presentation_material><flow_mat><material label="page header"><mattext d2l_2p0:isdisplayed="no" texttype="text/html" /></material><material label="page footer"><mattext d2l_2p0:isdisplayed="no" texttype="text/html" /></material></flow_mat></presentation_material><assess_procextension><d2l_2p0:intro_message d2l_2p0:isdisplayed="no" texttype="text/html" /><d2l_2p0:disable_right_click>no</d2l_2p0:disable_right_click><d2l_2p0:disable_pager_access>no</d2l_2p0:disable_pager_access><is_active>yes</is_active><d2l_2p0:date_start /><d2l_2p0:date_end /><d2l_2p0:date_due /><d2l_2p0:has_schedule_event>no</d2l_2p0:has_schedule_event><d2l_2p0:is_attempt_Rldb>no</d2l_2p0:is_attempt_Rldb><d2l_2p0:is_subview_Rldb>no</d2l_2p0:is_subview_Rldb><d2l_2p0:time_limit>0</d2l_2p0:time_limit><d2l_2p0:show_clock>no</d2l_2p0:show_clock><d2l_2p0:enforce_time_limit>no</d2l_2p0:enforce_time_limit><d2l_2p0:grace_period>5</d2l_2p0:grace_period><d2l_2p0:late_limit>0</d2l_2p0:late_limit><d2l_2p0:attempts_allowed>0</d2l_2p0:attempts_allowed><d2l_2p0:attempt_restrictions /><d2l_2p0:mark_calculation_type>1</d2l_2p0:mark_calculation_type><d2l_2p0:is_forward_only>no</d2l_2p0:is_forward_only></assess_procextension><assessfeedback title=""><rubric><flow_mat><material><mattext texttype="yes" /></material></flow_mat></rubric><d2l_2p0:duration>0</d2l_2p0:duration><d2l_2p0:response_display_type_id>2</d2l_2p0:response_display_type_id><d2l_2p0:show_correct_answers>yes</d2l_2p0:show_correct_answers><d2l_2p0:submission_restrictip>no</d2l_2p0:submission_restrictip><d2l_2p0:show_class_average>no</d2l_2p0:show_class_average><d2l_2p0:show_score_distribution>no</d2l_2p0:show_score_distribution></assessfeedback><section ident="CONTAINER_SECTION"><item ident="OBJ_41859" label="QUES_12430_17572" d2l_2p0:page="1" title="1.14 Cause and Effect Reaction Activity 2"><itemmetadata><qtimetadata><qti_metadatafield><fieldlabel>qmd_computerscored</fieldlabel><fieldentry>yes</fieldentry></qti_metadatafield><qti_metadatafield><fieldlabel>qmd_questiontype</fieldlabel><fieldentry>Ordering</fieldentry></qti_metadatafield><qti_metadatafield><fieldlabel>qmd_weighting</fieldlabel><fieldentry>1.000000000</fieldentry></qti_metadatafield><qti_metadatafield><fieldlabel>qmd_globalid</fieldlabel><fieldentry>56b111e3-4b3d-4071-b4c0-70d38044a154</fieldentry></qti_metadatafield><qti_metadatafield><fieldlabel>qmd_displayid</fieldlabel><fieldentry>DDN237-DEV-EN-14</fieldentry></qti_metadatafield></qtimetadata></itemmetadata><itemproc_extension><d2l_2p0:difficulty>1</d2l_2p0:difficulty><d2l_2p0:isbonus>no</d2l_2p0:isbonus><d2l_2p0:ismandatory>no</d2l_2p0:ismandatory></itemproc_extension><presentation><flow><material><mattext texttype="text/html">&lt;p&gt;You will now do a cause and effect reaction map of a system faced by the team at the Department of Fisheries and Oceans.&lt;/p&gt;
&lt;p&gt;&lt;strong&gt;Instructions:&lt;/strong&gt;&lt;/p&gt;
&lt;p&gt;Place the causes and effects in the correct order by assigning the corresponding number to each from the drop down menu. Use the image as reference.&lt;/p&gt;
&lt;p&gt;&lt;img src="DDN237_quiz_imagev2.jpg" alt="" title="" style="max-width: 100%;display: block;margin-left: auto;margin-right: auto;"/&gt;&lt;/p&gt;</mattext></material><response_extension><d2l_2p0:grading_type>1</d2l_2p0:grading_type></response_extension><response_grp respident="QUES_12430_17572_O" rcardinality="Ordered"><render_choice shuffle="yes"><flow_label class="Block"><response_label ident="QUES_12430_17572_O68450"><flow_mat><material><mattext texttype="text/html">&lt;p&gt;Dave (he/him), a member of the public, doesn&amp;#39;t know what approvals he needs or what rules to follow when he decides to build a dock at his cottage.&lt;/p&gt;</mattext></material></flow_mat></response_label><response_label ident="QUES_12430_17572_O68451"><flow_mat><material><mattext texttype="text/html">&lt;p&gt;He searches online and finds the Projects Near Water website from the Department of Fisheries and Oceans and gets overwhelmed by the complex information about the regulatory process and codes of practice.&lt;/p&gt;</mattext></material></flow_mat></response_label><response_label ident="QUES_12430_17572_O68452"><flow_mat><material><mattext texttype="text/html">&lt;p&gt;Feeling frustrated, he fills out the wrong project request form and submits it.&lt;/p&gt;</mattext></material></flow_mat></response_label><response_label ident="QUES_12430_17572_O68453"><flow_mat><material><mattext texttype="text/html">&lt;p&gt;The Department of Fisheries and Oceans team spends time sorting out what to do with his request and passes it around to different team members because the request didn&amp;#39;t follow the right process.&lt;/p&gt;</mattext></material></flow_mat></response_label><response_label ident="QUES_12430_17572_O68454"><flow_mat><material><mattext texttype="text/html">&lt;p&gt;Dave waits a long time to get answers and begins to lose trust in the organization.&lt;/p&gt;</mattext></material></flow_mat></response_label><response_label ident="QUES_12430_17572_O68455"><flow_mat><material><mattext texttype="text/html">&lt;p&gt;He begins to build his dock without getting his project reviewed.&lt;/p&gt;</mattext></material></flow_mat></response_label><response_label ident="QUES_12430_17572_O68456"><flow_mat><material><mattext texttype="text/html">&lt;p&gt;His dock impacts fish and fish habitat and disrupts the ecology of the lake.&lt;/p&gt;</mattext></material></flow_mat></response_label></flow_label></render_choice></response_grp></flow></presentation><resprocessing><outcomes><decvar vartype="Integer" defaultval="0" varname="D2L_Correct" minvalue="0" maxvalue="100" /><decvar vartype="Integer" defaultval="0" varname="D2L_Incorrect" minvalue="0" /><decvar vartype="Integer" defaultval="0" varname="que_score" minvalue="0" /></outcomes><respcondition title="Correct Condition"><conditionvar><varequal respident="QUES_12430_17572_O68450">1</varequal></conditionvar><setvar varname="D2L_Correct" action="Add">1</setvar></respcondition><respcondition title="Incorrect Condition"><conditionvar><not><varequal respident="QUES_12430_17572_O68450">1</varequal></not></conditionvar><setvar varname="D2L_Incorrect" action="Add">1</setvar></respcondition><respcondition title="Correct Condition"><conditionvar><varequal respident="QUES_12430_17572_O68451">2</varequal></conditionvar><setvar varname="D2L_Correct" action="Add">1</setvar></respcondition><respcondition title="Incorrect Condition"><conditionvar><not><varequal respident="QUES_12430_17572_O68451">2</varequal></not></conditionvar><setvar varname="D2L_Incorrect" action="Add">1</setvar></respcondition><respcondition title="Correct Condition"><conditionvar><varequal respident="QUES_12430_17572_O68452">3</varequal></conditionvar><setvar varname="D2L_Correct" action="Add">1</setvar></respcondition><respcondition title="Incorrect Condition"><conditionvar><not><varequal respident="QUES_12430_17572_O68452">3</varequal></not></conditionvar><setvar varname="D2L_Incorrect" action="Add">1</setvar></respcondition><respcondition title="Correct Condition"><conditionvar><varequal respident="QUES_12430_17572_O68453">4</varequal></conditionvar><setvar varname="D2L_Correct" action="Add">1</setvar></respcondition><respcondition title="Incorrect Condition"><conditionvar><not><varequal respident="QUES_12430_17572_O68453">4</varequal></not></conditionvar><setvar varname="D2L_Incorrect" action="Add">1</setvar></respcondition><respcondition title="Correct Condition"><conditionvar><varequal respident="QUES_12430_17572_O68454">5</varequal></conditionvar><setvar varname="D2L_Correct" action="Add">1</setvar></respcondition><respcondition title="Incorrect Condition"><conditionvar><not><varequal respident="QUES_12430_17572_O68454">5</varequal></not></conditionvar><setvar varname="D2L_Incorrect" action="Add">1</setvar></respcondition><respcondition title="Correct Condition"><conditionvar><varequal respident="QUES_12430_17572_O68455">6</varequal></conditionvar><setvar varname="D2L_Correct" action="Add">1</setvar></respcondition><respcondition title="Incorrect Condition"><conditionvar><not><varequal respident="QUES_12430_17572_O68455">6</varequal></not></conditionvar><setvar varname="D2L_Incorrect" action="Add">1</setvar></respcondition><respcondition title="Correct Condition"><conditionvar><varequal respident="QUES_12430_17572_O68456">7</varequal></conditionvar><setvar varname="D2L_Correct" action="Add">1</setvar></respcondition><respcondition title="Incorrect Condition"><conditionvar><not><varequal respident="QUES_12430_17572_O68456">7</varequal></not></conditionvar><setvar varname="D2L_Incorrect" action="Add">1</setvar></respcondition><respcondition><conditionvar><vargte respident="D2L_Incorrect">0</vargte></conditionvar><setvar varname="que_score" action="Set">0</setvar></respcondition><respcondition><conditionvar><varequal respident="D2L_Incorrect">0</varequal></conditionvar><setvar varname="que_score" action="Set">1</setvar></respcondition></resprocessing><itemfeedback ident="QUES_12430_17572_IF68450"><material><mattext texttype="text/html" /></material></itemfeedback><itemfeedback ident="QUES_12430_17572_IF68451"><material><mattext texttype="text/html" /></material></itemfeedback><itemfeedback ident="QUES_12430_17572_IF68452"><material><mattext texttype="text/html" /></material></itemfeedback><itemfeedback ident="QUES_12430_17572_IF68453"><material><mattext texttype="text/html" /></material></itemfeedback><itemfeedback ident="QUES_12430_17572_IF68454"><material><mattext texttype="text/html" /></material></itemfeedback><itemfeedback ident="QUES_12430_17572_IF68455"><material><mattext texttype="text/html" /></material></itemfeedback><itemfeedback ident="QUES_12430_17572_IF68456"><material><mattext texttype="text/html" /></material></itemfeedback></item></section></assessment></questestinterop>