﻿<?xml version="1.0" encoding="UTF-8"?><questestinterop xmlns:d2l_2p0="http://desire2learn.com/xsd/d2lcp_v2p0"><assessment d2l_2p0:id="80" title="1.12 Cause and effect reaction activity 1" ident="res_quiz_3345" d2l_2p0:resource_code="23116E12-04C0-4FA6-BDD4-3082E33A4375-29064"><rubric><flow_mat><material><mattext d2l_2p0:isdisplayed="no" texttype="text/html" /></material></flow_mat></rubric><assessmentcontrol hintswitch="no" solutionswitch="yes" feedbackswitch="no" /><presentation_material><flow_mat><material label="page header"><mattext d2l_2p0:isdisplayed="no" texttype="text/html" /></material><material label="page footer"><mattext d2l_2p0:isdisplayed="no" texttype="text/html" /></material></flow_mat></presentation_material><assess_procextension><d2l_2p0:intro_message d2l_2p0:isdisplayed="no" texttype="text/html" /><d2l_2p0:disable_right_click>no</d2l_2p0:disable_right_click><d2l_2p0:disable_pager_access>no</d2l_2p0:disable_pager_access><is_active>yes</is_active><d2l_2p0:date_start /><d2l_2p0:date_end /><d2l_2p0:date_due /><d2l_2p0:has_schedule_event>no</d2l_2p0:has_schedule_event><d2l_2p0:is_attempt_Rldb>no</d2l_2p0:is_attempt_Rldb><d2l_2p0:is_subview_Rldb>no</d2l_2p0:is_subview_Rldb><d2l_2p0:time_limit>0</d2l_2p0:time_limit><d2l_2p0:show_clock>no</d2l_2p0:show_clock><d2l_2p0:enforce_time_limit>no</d2l_2p0:enforce_time_limit><d2l_2p0:grace_period>5</d2l_2p0:grace_period><d2l_2p0:late_limit>0</d2l_2p0:late_limit><d2l_2p0:attempts_allowed>0</d2l_2p0:attempts_allowed><d2l_2p0:attempt_restrictions /><d2l_2p0:mark_calculation_type>1</d2l_2p0:mark_calculation_type><d2l_2p0:is_forward_only>no</d2l_2p0:is_forward_only></assess_procextension><assessfeedback title=""><rubric><flow_mat><material><mattext texttype="yes" /></material></flow_mat></rubric><d2l_2p0:duration>0</d2l_2p0:duration><d2l_2p0:response_display_type_id>2</d2l_2p0:response_display_type_id><d2l_2p0:show_correct_answers>yes</d2l_2p0:show_correct_answers><d2l_2p0:submission_restrictip>no</d2l_2p0:submission_restrictip><d2l_2p0:show_class_average>no</d2l_2p0:show_class_average><d2l_2p0:show_score_distribution>no</d2l_2p0:show_score_distribution></assessfeedback><section ident="CONTAINER_SECTION"><item ident="OBJ_41858" label="QUES_12429_17574" d2l_2p0:page="1" title="1.12 Viewing a system from different perspectives"><itemmetadata><qtimetadata><qti_metadatafield><fieldlabel>qmd_computerscored</fieldlabel><fieldentry>yes</fieldentry></qti_metadatafield><qti_metadatafield><fieldlabel>qmd_questiontype</fieldlabel><fieldentry>Ordering</fieldentry></qti_metadatafield><qti_metadatafield><fieldlabel>qmd_weighting</fieldlabel><fieldentry>1.000000000</fieldentry></qti_metadatafield><qti_metadatafield><fieldlabel>qmd_globalid</fieldlabel><fieldentry>c4ad3bdd-6623-4691-9461-f51a3124fc7b</fieldentry></qti_metadatafield><qti_metadatafield><fieldlabel>qmd_displayid</fieldlabel><fieldentry>DDN237-DEV-EN-9</fieldentry></qti_metadatafield></qtimetadata></itemmetadata><itemproc_extension><d2l_2p0:difficulty>1</d2l_2p0:difficulty><d2l_2p0:isbonus>no</d2l_2p0:isbonus><d2l_2p0:ismandatory>no</d2l_2p0:ismandatory></itemproc_extension><presentation><flow><material><mattext texttype="text/html">&lt;p&gt;In the following activities, you will be asked to arrange a cause-effect-reaction of two different systems. Each system will have variables which you will need to put in the order of influence over another. Use the &amp;quot;5 Whys&amp;quot; or the &amp;quot;Who, What, Where, When, Why, and How&amp;quot; question models, or both to help you determine the order of the variables. A helpful tip would be to start with the information you already know and work from there. Next, you will identify the visible problem from the perspective of the different people involved in the system.&lt;/p&gt;
&lt;p&gt;&lt;strong&gt;Instructions:&lt;/strong&gt;&lt;/p&gt;
&lt;ol&gt;
&lt;li&gt;Read all the variables attentively.&lt;/li&gt;
&lt;li&gt;Arrange the variables in order of influence by assigning a letter corresponding to the visual provided. Use one or both question models to help you with this.&lt;/li&gt;
&lt;li&gt;Consider the cause-and-effect reaction and identify the visible problem from different perspectives.&lt;/li&gt;
&lt;/ol&gt;
&lt;p&gt;Susan (she/her) lives on the 9th floor of a residential building and she is awakened by the noise of a bursting pipe.&lt;/p&gt;
&lt;p&gt;Water is quickly flooding her floor. Gregory (they/them/their), a property owner, receives a call from their tenant, Susan, about a burst water pipe and the flooding of the unit.&lt;/p&gt;
&lt;p&gt;John (he/him) lives on the 8th floor of a residential building and water leaking from the floor above is making his apartment unit floor wet.&lt;/p&gt;
&lt;p&gt;&lt;img src="DDN237_1.12_image.jpg" alt="" title="" style="max-width: 100%;display: block;margin-left: auto;margin-right: auto;"/&gt;&lt;/p&gt;</mattext></material><response_extension><d2l_2p0:grading_type>1</d2l_2p0:grading_type></response_extension><response_grp respident="QUES_12429_17574_O" rcardinality="Ordered"><render_choice shuffle="yes"><flow_label class="Block"><response_label ident="QUES_12429_17574_O68462"><flow_mat><material><mattext texttype="text/html">&lt;p&gt;Gregory is forgoing doing proper inspection of their rental properties.&lt;/p&gt;</mattext></material></flow_mat></response_label><response_label ident="QUES_12429_17574_O68463"><flow_mat><material><mattext texttype="text/html">&lt;p&gt;The pipes in Gregory&amp;#39;s rental property are rusting and cracking over the years&lt;/p&gt;</mattext></material></flow_mat></response_label><response_label ident="QUES_12429_17574_O68464"><flow_mat><material><mattext texttype="text/html">&lt;p&gt;Water is gushing out from a pipe in Susan&amp;#39;s apartment kitchen.&lt;/p&gt;</mattext></material></flow_mat></response_label><response_label ident="QUES_12429_17574_O68465"><flow_mat><material><mattext texttype="text/html">&lt;p&gt;Susan&amp;#39;s apartment is quickly filling up with water.&lt;/p&gt;</mattext></material></flow_mat></response_label><response_label ident="QUES_12429_17574_O68466"><flow_mat><material><mattext texttype="text/html">&lt;p&gt;Gregory is made aware of the situation by Susan.&lt;/p&gt;</mattext></material></flow_mat></response_label><response_label ident="QUES_12429_17574_O68467"><flow_mat><material><mattext texttype="text/html">&lt;p&gt;Gregory requests the property management to shut off the water.&amp;#160;&lt;/p&gt;</mattext></material></flow_mat></response_label><response_label ident="QUES_12429_17574_O68468"><flow_mat><material><mattext texttype="text/html">&lt;p&gt;Gregory heads over to the unit and assesses the situation&lt;/p&gt;</mattext></material></flow_mat></response_label><response_label ident="QUES_12429_17574_O68469"><flow_mat><material><mattext texttype="text/html">&lt;p&gt;Gregory files a claim to their insurance&lt;/p&gt;</mattext></material></flow_mat></response_label><response_label ident="QUES_12429_17574_O68470"><flow_mat><material><mattext texttype="text/html">&lt;p&gt;The water is causing damage to the floor and furniture&lt;/p&gt;</mattext></material></flow_mat></response_label><response_label ident="QUES_12429_17574_O68471"><flow_mat><material><mattext texttype="text/html">&lt;p&gt;The water accumulating in her unit is leaking to the floor below&lt;/p&gt;</mattext></material></flow_mat></response_label></flow_label></render_choice></response_grp></flow></presentation><resprocessing><outcomes><decvar vartype="Integer" defaultval="0" varname="D2L_Correct" minvalue="0" maxvalue="100" /><decvar vartype="Integer" defaultval="0" varname="D2L_Incorrect" minvalue="0" /><decvar vartype="Integer" defaultval="0" varname="que_score" minvalue="0" /></outcomes><respcondition title="Correct Condition"><conditionvar><varequal respident="QUES_12429_17574_O68462">1</varequal></conditionvar><setvar varname="D2L_Correct" action="Add">1</setvar></respcondition><respcondition title="Incorrect Condition"><conditionvar><not><varequal respident="QUES_12429_17574_O68462">1</varequal></not></conditionvar><setvar varname="D2L_Incorrect" action="Add">1</setvar></respcondition><respcondition title="Correct Condition"><conditionvar><varequal respident="QUES_12429_17574_O68463">2</varequal></conditionvar><setvar varname="D2L_Correct" action="Add">1</setvar></respcondition><respcondition title="Incorrect Condition"><conditionvar><not><varequal respident="QUES_12429_17574_O68463">2</varequal></not></conditionvar><setvar varname="D2L_Incorrect" action="Add">1</setvar></respcondition><respcondition title="Correct Condition"><conditionvar><varequal respident="QUES_12429_17574_O68464">3</varequal></conditionvar><setvar varname="D2L_Correct" action="Add">1</setvar></respcondition><respcondition title="Incorrect Condition"><conditionvar><not><varequal respident="QUES_12429_17574_O68464">3</varequal></not></conditionvar><setvar varname="D2L_Incorrect" action="Add">1</setvar></respcondition><respcondition title="Correct Condition"><conditionvar><varequal respident="QUES_12429_17574_O68465">4</varequal></conditionvar><setvar varname="D2L_Correct" action="Add">1</setvar></respcondition><respcondition title="Incorrect Condition"><conditionvar><not><varequal respident="QUES_12429_17574_O68465">4</varequal></not></conditionvar><setvar varname="D2L_Incorrect" action="Add">1</setvar></respcondition><respcondition title="Correct Condition"><conditionvar><varequal respident="QUES_12429_17574_O68466">5</varequal></conditionvar><setvar varname="D2L_Correct" action="Add">1</setvar></respcondition><respcondition title="Incorrect Condition"><conditionvar><not><varequal respident="QUES_12429_17574_O68466">5</varequal></not></conditionvar><setvar varname="D2L_Incorrect" action="Add">1</setvar></respcondition><respcondition title="Correct Condition"><conditionvar><varequal respident="QUES_12429_17574_O68467">6</varequal></conditionvar><setvar varname="D2L_Correct" action="Add">1</setvar></respcondition><respcondition title="Incorrect Condition"><conditionvar><not><varequal respident="QUES_12429_17574_O68467">6</varequal></not></conditionvar><setvar varname="D2L_Incorrect" action="Add">1</setvar></respcondition><respcondition title="Correct Condition"><conditionvar><varequal respident="QUES_12429_17574_O68468">7</varequal></conditionvar><setvar varname="D2L_Correct" action="Add">1</setvar></respcondition><respcondition title="Incorrect Condition"><conditionvar><not><varequal respident="QUES_12429_17574_O68468">7</varequal></not></conditionvar><setvar varname="D2L_Incorrect" action="Add">1</setvar></respcondition><respcondition title="Correct Condition"><conditionvar><varequal respident="QUES_12429_17574_O68469">8</varequal></conditionvar><setvar varname="D2L_Correct" action="Add">1</setvar></respcondition><respcondition title="Incorrect Condition"><conditionvar><not><varequal respident="QUES_12429_17574_O68469">8</varequal></not></conditionvar><setvar varname="D2L_Incorrect" action="Add">1</setvar></respcondition><respcondition title="Correct Condition"><conditionvar><varequal respident="QUES_12429_17574_O68470">9</varequal></conditionvar><setvar varname="D2L_Correct" action="Add">1</setvar></respcondition><respcondition title="Incorrect Condition"><conditionvar><not><varequal respident="QUES_12429_17574_O68470">9</varequal></not></conditionvar><setvar varname="D2L_Incorrect" action="Add">1</setvar></respcondition><respcondition title="Correct Condition"><conditionvar><varequal respident="QUES_12429_17574_O68471">10</varequal></conditionvar><setvar varname="D2L_Correct" action="Add">1</setvar></respcondition><respcondition title="Incorrect Condition"><conditionvar><not><varequal respident="QUES_12429_17574_O68471">10</varequal></not></conditionvar><setvar varname="D2L_Incorrect" action="Add">1</setvar></respcondition><respcondition><conditionvar><vargte respident="D2L_Incorrect">0</vargte></conditionvar><setvar varname="que_score" action="Set">0</setvar></respcondition><respcondition><conditionvar><varequal respident="D2L_Incorrect">0</varequal></conditionvar><setvar varname="que_score" action="Set">1</setvar></respcondition></resprocessing><itemfeedback ident="QUES_12429_17574_IF68462"><material><mattext texttype="text/html" /></material></itemfeedback><itemfeedback ident="QUES_12429_17574_IF68463"><material><mattext texttype="text/html" /></material></itemfeedback><itemfeedback ident="QUES_12429_17574_IF68464"><material><mattext texttype="text/html" /></material></itemfeedback><itemfeedback ident="QUES_12429_17574_IF68465"><material><mattext texttype="text/html" /></material></itemfeedback><itemfeedback ident="QUES_12429_17574_IF68466"><material><mattext texttype="text/html" /></material></itemfeedback><itemfeedback ident="QUES_12429_17574_IF68467"><material><mattext texttype="text/html" /></material></itemfeedback><itemfeedback ident="QUES_12429_17574_IF68468"><material><mattext texttype="text/html" /></material></itemfeedback><itemfeedback ident="QUES_12429_17574_IF68469"><material><mattext texttype="text/html" /></material></itemfeedback><itemfeedback ident="QUES_12429_17574_IF68470"><material><mattext texttype="text/html" /></material></itemfeedback><itemfeedback ident="QUES_12429_17574_IF68471"><material><mattext texttype="text/html" /></material></itemfeedback></item></section></assessment></questestinterop>