﻿<?xml version="1.0" encoding="UTF-8"?><questestinterop xmlns:d2l_2p0="http://desire2learn.com/xsd/d2lcp_v2p0"><assessment d2l_2p0:id="78" title="Test your knowledge: Final quiz" ident="res_quiz_3309" d2l_2p0:resource_code="23116E12-04C0-4FA6-BDD4-3082E33A4375-26606"><rubric><flow_mat><material><mattext d2l_2p0:isdisplayed="no" texttype="text/html" /></material></flow_mat></rubric><assessmentcontrol hintswitch="no" solutionswitch="yes" feedbackswitch="no" /><presentation_material><flow_mat><material label="page header"><mattext d2l_2p0:isdisplayed="no" texttype="text/html" /></material><material label="page footer"><mattext d2l_2p0:isdisplayed="no" texttype="text/html" /></material></flow_mat></presentation_material><assess_procextension><d2l_2p0:intro_message d2l_2p0:isdisplayed="no" texttype="text/html" /><d2l_2p0:disable_right_click>no</d2l_2p0:disable_right_click><d2l_2p0:disable_pager_access>no</d2l_2p0:disable_pager_access><is_active>yes</is_active><d2l_2p0:date_start /><d2l_2p0:date_end /><d2l_2p0:date_due /><d2l_2p0:has_schedule_event>no</d2l_2p0:has_schedule_event><d2l_2p0:is_attempt_Rldb>no</d2l_2p0:is_attempt_Rldb><d2l_2p0:is_subview_Rldb>no</d2l_2p0:is_subview_Rldb><d2l_2p0:time_limit>0</d2l_2p0:time_limit><d2l_2p0:show_clock>no</d2l_2p0:show_clock><d2l_2p0:enforce_time_limit>no</d2l_2p0:enforce_time_limit><d2l_2p0:grace_period>5</d2l_2p0:grace_period><d2l_2p0:late_limit>0</d2l_2p0:late_limit><d2l_2p0:attempts_allowed>0</d2l_2p0:attempts_allowed><d2l_2p0:attempt_restrictions /><d2l_2p0:mark_calculation_type>1</d2l_2p0:mark_calculation_type><d2l_2p0:is_forward_only>no</d2l_2p0:is_forward_only></assess_procextension><assessfeedback title=""><rubric><flow_mat><material><mattext texttype="yes" /></material></flow_mat></rubric><d2l_2p0:duration>0</d2l_2p0:duration><d2l_2p0:response_display_type_id>2</d2l_2p0:response_display_type_id><d2l_2p0:show_correct_answers>yes</d2l_2p0:show_correct_answers><d2l_2p0:submission_restrictip>no</d2l_2p0:submission_restrictip><d2l_2p0:show_class_average>no</d2l_2p0:show_class_average><d2l_2p0:show_score_distribution>no</d2l_2p0:show_score_distribution></assessfeedback><section ident="CONTAINER_SECTION"><item ident="OBJ_41407" label="QUES_12292_17216" d2l_2p0:page="1"><itemmetadata><qtimetadata><qti_metadatafield><fieldlabel>qmd_computerscored</fieldlabel><fieldentry>yes</fieldentry></qti_metadatafield><qti_metadatafield><fieldlabel>qmd_questiontype</fieldlabel><fieldentry>Multiple Choice</fieldentry></qti_metadatafield><qti_metadatafield><fieldlabel>qmd_weighting</fieldlabel><fieldentry>1.000000000</fieldentry></qti_metadatafield><qti_metadatafield><fieldlabel>qmd_globalid</fieldlabel><fieldentry>556efab5-41da-4438-a168-62efe6ca7380</fieldentry></qti_metadatafield><qti_metadatafield><fieldlabel>qmd_displayid</fieldlabel><fieldentry>SB-Digital_Academy2-1</fieldentry></qti_metadatafield></qtimetadata></itemmetadata><itemproc_extension><d2l_2p0:difficulty>1</d2l_2p0:difficulty><d2l_2p0:isbonus>no</d2l_2p0:isbonus><d2l_2p0:ismandatory>no</d2l_2p0:ismandatory></itemproc_extension><presentation><flow><material><mattext texttype="text/html">&lt;p&gt;Your team is tasked with solving a problem that involves expanding a program for individuals and families affected by severe flooding. An appropriate first step might be to:&lt;/p&gt;</mattext></material><response_extension><d2l_2p0:display_style>2</d2l_2p0:display_style><d2l_2p0:enumeration>6</d2l_2p0:enumeration><d2l_2p0:grading_type>0</d2l_2p0:grading_type></response_extension><response_lid ident="QUES_12292_17216_LID" rcardinality="Single"><render_choice shuffle="yes"><flow_label class="Block"><response_label ident="QUES_12292_17216_A67108"><flow_mat><material><mattext texttype="text/html">&lt;p&gt;Perform a root-cause analysis&lt;/p&gt;</mattext></material></flow_mat></response_label></flow_label><flow_label class="Block"><response_label ident="QUES_12292_17216_A67109"><flow_mat><material><mattext texttype="text/html">&lt;p&gt;Map out the stakeholders&lt;/p&gt;</mattext></material></flow_mat></response_label></flow_label><flow_label class="Block"><response_label ident="QUES_12292_17216_A67110"><flow_mat><material><mattext texttype="text/html">&lt;p&gt;Perform primary and secondary research&lt;/p&gt;</mattext></material></flow_mat></response_label></flow_label><flow_label class="Block"><response_label ident="QUES_12292_17216_A67111"><flow_mat><material><mattext texttype="text/html">&lt;p&gt;Create a journey map&lt;/p&gt;</mattext></material></flow_mat></response_label></flow_label></render_choice></response_lid></flow></presentation><resprocessing><respcondition title="Response Condition 1"><conditionvar><varequal respident="QUES_12292_17216_LID">QUES_12292_17216_A67108</varequal></conditionvar><setvar action="Set">100.000000000</setvar><displayfeedback feedbacktype="Response" linkrefid="QUES_12292_17216_IF67108" /></respcondition><respcondition title="Response Condition 2"><conditionvar><varequal respident="QUES_12292_17216_LID">QUES_12292_17216_A67109</varequal></conditionvar><setvar action="Set">0.000000000</setvar><displayfeedback feedbacktype="Response" linkrefid="QUES_12292_17216_IF67109" /></respcondition><respcondition title="Response Condition 3"><conditionvar><varequal respident="QUES_12292_17216_LID">QUES_12292_17216_A67110</varequal></conditionvar><setvar action="Set">0.000000000</setvar><displayfeedback feedbacktype="Response" linkrefid="QUES_12292_17216_IF67110" /></respcondition><respcondition title="Response Condition 4"><conditionvar><varequal respident="QUES_12292_17216_LID">QUES_12292_17216_A67111</varequal></conditionvar><setvar action="Set">0.000000000</setvar><displayfeedback feedbacktype="Response" linkrefid="QUES_12292_17216_IF67111" /></respcondition></resprocessing><itemfeedback ident="QUES_12292_17216_IF67108"><material><mattext texttype="text/plain" /></material></itemfeedback><itemfeedback ident="QUES_12292_17216_IF67109"><material><mattext texttype="text/plain" /></material></itemfeedback><itemfeedback ident="QUES_12292_17216_IF67110"><material><mattext texttype="text/plain" /></material></itemfeedback><itemfeedback ident="QUES_12292_17216_IF67111"><material><mattext texttype="text/plain" /></material></itemfeedback></item><item ident="OBJ_41408" label="QUES_12293_17217" d2l_2p0:page="1"><itemmetadata><qtimetadata><qti_metadatafield><fieldlabel>qmd_computerscored</fieldlabel><fieldentry>yes</fieldentry></qti_metadatafield><qti_metadatafield><fieldlabel>qmd_questiontype</fieldlabel><fieldentry>Multiple Choice</fieldentry></qti_metadatafield><qti_metadatafield><fieldlabel>qmd_weighting</fieldlabel><fieldentry>1.000000000</fieldentry></qti_metadatafield><qti_metadatafield><fieldlabel>qmd_globalid</fieldlabel><fieldentry>a18505a3-41b0-4956-889d-cbda3e57b8b5</fieldentry></qti_metadatafield><qti_metadatafield><fieldlabel>qmd_displayid</fieldlabel><fieldentry>SB-Digital_Academy2-2</fieldentry></qti_metadatafield></qtimetadata></itemmetadata><itemproc_extension><d2l_2p0:difficulty>1</d2l_2p0:difficulty><d2l_2p0:isbonus>no</d2l_2p0:isbonus><d2l_2p0:ismandatory>no</d2l_2p0:ismandatory></itemproc_extension><presentation><flow><material><mattext texttype="text/html">&lt;p&gt;John (he/him) lives on the 8th floor of a residential building and water leaking from the floor above is making his apartment unit floor wet. Which of the following variables is the visible problem, the highest-level cause that John is aware of?&lt;/p&gt;</mattext></material><response_extension><d2l_2p0:display_style>2</d2l_2p0:display_style><d2l_2p0:enumeration>6</d2l_2p0:enumeration><d2l_2p0:grading_type>0</d2l_2p0:grading_type></response_extension><response_lid ident="QUES_12293_17217_LID" rcardinality="Single"><render_choice shuffle="yes"><flow_label class="Block"><response_label ident="QUES_12293_17217_A67112"><flow_mat><material><mattext texttype="text/html">&lt;p&gt;John cannot wear socks and his feet are pruney.&lt;/p&gt;</mattext></material></flow_mat></response_label></flow_label><flow_label class="Block"><response_label ident="QUES_12293_17217_A67113"><flow_mat><material><mattext texttype="text/html">&lt;p&gt;The water is causing water damage to the floor and furniture.&lt;/p&gt;</mattext></material></flow_mat></response_label></flow_label><flow_label class="Block"><response_label ident="QUES_12293_17217_A67114"><flow_mat><material><mattext texttype="text/html">&lt;p&gt;Water is leaking from the ceiling.&lt;/p&gt;</mattext></material></flow_mat></response_label></flow_label><flow_label class="Block"><response_label ident="QUES_12293_17217_A67115"><flow_mat><material><mattext texttype="text/html">&lt;p&gt;John&amp;#39;s apartment is filling with water.&lt;/p&gt;</mattext></material></flow_mat></response_label></flow_label></render_choice></response_lid></flow></presentation><resprocessing><respcondition title="Response Condition 1"><conditionvar><varequal respident="QUES_12293_17217_LID">QUES_12293_17217_A67112</varequal></conditionvar><setvar action="Set">0.000000000</setvar><displayfeedback feedbacktype="Response" linkrefid="QUES_12293_17217_IF67112" /></respcondition><respcondition title="Response Condition 2"><conditionvar><varequal respident="QUES_12293_17217_LID">QUES_12293_17217_A67113</varequal></conditionvar><setvar action="Set">0.000000000</setvar><displayfeedback feedbacktype="Response" linkrefid="QUES_12293_17217_IF67113" /></respcondition><respcondition title="Response Condition 3"><conditionvar><varequal respident="QUES_12293_17217_LID">QUES_12293_17217_A67114</varequal></conditionvar><setvar action="Set">100.000000000</setvar><displayfeedback feedbacktype="Response" linkrefid="QUES_12293_17217_IF67114" /></respcondition><respcondition title="Response Condition 4"><conditionvar><varequal respident="QUES_12293_17217_LID">QUES_12293_17217_A67115</varequal></conditionvar><setvar action="Set">0.000000000</setvar><displayfeedback feedbacktype="Response" linkrefid="QUES_12293_17217_IF67115" /></respcondition></resprocessing><itemfeedback ident="QUES_12293_17217_IF67112"><material><mattext texttype="text/plain" /></material></itemfeedback><itemfeedback ident="QUES_12293_17217_IF67113"><material><mattext texttype="text/plain" /></material></itemfeedback><itemfeedback ident="QUES_12293_17217_IF67114"><material><mattext texttype="text/plain" /></material></itemfeedback><itemfeedback ident="QUES_12293_17217_IF67115"><material><mattext texttype="text/plain" /></material></itemfeedback></item><item ident="OBJ_41409" label="QUES_12294_17218" d2l_2p0:page="1"><itemmetadata><qtimetadata><qti_metadatafield><fieldlabel>qmd_computerscored</fieldlabel><fieldentry>yes</fieldentry></qti_metadatafield><qti_metadatafield><fieldlabel>qmd_questiontype</fieldlabel><fieldentry>Multiple Choice</fieldentry></qti_metadatafield><qti_metadatafield><fieldlabel>qmd_weighting</fieldlabel><fieldentry>1.000000000</fieldentry></qti_metadatafield><qti_metadatafield><fieldlabel>qmd_globalid</fieldlabel><fieldentry>4b9d6866-8b8f-475e-b513-c5cd044a3d27</fieldentry></qti_metadatafield><qti_metadatafield><fieldlabel>qmd_displayid</fieldlabel><fieldentry>SB-Digital_Academy2-3</fieldentry></qti_metadatafield></qtimetadata></itemmetadata><itemproc_extension><d2l_2p0:difficulty>1</d2l_2p0:difficulty><d2l_2p0:isbonus>no</d2l_2p0:isbonus><d2l_2p0:ismandatory>no</d2l_2p0:ismandatory></itemproc_extension><presentation><flow><material><mattext texttype="text/html">&lt;p&gt;John (he/him) lives on the 8th floor of a residential building and water leaking from the floor above is making his apartment unit floor wet. Water is leaking from the ceiling - what term would best represent this?&lt;/p&gt;</mattext></material><response_extension><d2l_2p0:display_style>2</d2l_2p0:display_style><d2l_2p0:enumeration>6</d2l_2p0:enumeration><d2l_2p0:grading_type>0</d2l_2p0:grading_type></response_extension><response_lid ident="QUES_12294_17218_LID" rcardinality="Single"><render_choice shuffle="yes"><flow_label class="Block"><response_label ident="QUES_12294_17218_A67116"><flow_mat><material><mattext texttype="text/html">&lt;p&gt;Root cause&lt;/p&gt;</mattext></material></flow_mat></response_label></flow_label><flow_label class="Block"><response_label ident="QUES_12294_17218_A67117"><flow_mat><material><mattext texttype="text/html">&lt;p&gt;Visible problem&lt;/p&gt;</mattext></material></flow_mat></response_label></flow_label><flow_label class="Block"><response_label ident="QUES_12294_17218_A67118"><flow_mat><material><mattext texttype="text/html">&lt;p&gt;Force of influence&lt;/p&gt;</mattext></material></flow_mat></response_label></flow_label><flow_label class="Block"><response_label ident="QUES_12294_17218_A67119"><flow_mat><material><mattext texttype="text/html">&lt;p&gt;Variable&lt;/p&gt;</mattext></material></flow_mat></response_label></flow_label></render_choice></response_lid></flow></presentation><resprocessing><respcondition title="Response Condition 1"><conditionvar><varequal respident="QUES_12294_17218_LID">QUES_12294_17218_A67116</varequal></conditionvar><setvar action="Set">0.000000000</setvar><displayfeedback feedbacktype="Response" linkrefid="QUES_12294_17218_IF67116" /></respcondition><respcondition title="Response Condition 2"><conditionvar><varequal respident="QUES_12294_17218_LID">QUES_12294_17218_A67117</varequal></conditionvar><setvar action="Set">100.000000000</setvar><displayfeedback feedbacktype="Response" linkrefid="QUES_12294_17218_IF67117" /></respcondition><respcondition title="Response Condition 3"><conditionvar><varequal respident="QUES_12294_17218_LID">QUES_12294_17218_A67118</varequal></conditionvar><setvar action="Set">0.000000000</setvar><displayfeedback feedbacktype="Response" linkrefid="QUES_12294_17218_IF67118" /></respcondition><respcondition title="Response Condition 4"><conditionvar><varequal respident="QUES_12294_17218_LID">QUES_12294_17218_A67119</varequal></conditionvar><setvar action="Set">0.000000000</setvar><displayfeedback feedbacktype="Response" linkrefid="QUES_12294_17218_IF67119" /></respcondition></resprocessing><itemfeedback ident="QUES_12294_17218_IF67116"><material><mattext texttype="text/plain" /></material></itemfeedback><itemfeedback ident="QUES_12294_17218_IF67117"><material><mattext texttype="text/plain" /></material></itemfeedback><itemfeedback ident="QUES_12294_17218_IF67118"><material><mattext texttype="text/plain" /></material></itemfeedback><itemfeedback ident="QUES_12294_17218_IF67119"><material><mattext texttype="text/plain" /></material></itemfeedback></item><item ident="OBJ_41410" label="QUES_12295_17219" d2l_2p0:page="1"><itemmetadata><qtimetadata><qti_metadatafield><fieldlabel>qmd_computerscored</fieldlabel><fieldentry>yes</fieldentry></qti_metadatafield><qti_metadatafield><fieldlabel>qmd_questiontype</fieldlabel><fieldentry>Multi-Select</fieldentry></qti_metadatafield><qti_metadatafield><fieldlabel>qmd_weighting</fieldlabel><fieldentry>1.000000000</fieldentry></qti_metadatafield><qti_metadatafield><fieldlabel>qmd_globalid</fieldlabel><fieldentry>e5ac2b9f-85f4-4624-b441-ad013c27c47a</fieldentry></qti_metadatafield><qti_metadatafield><fieldlabel>qmd_displayid</fieldlabel><fieldentry>SB-Digital_Academy2-4</fieldentry></qti_metadatafield></qtimetadata></itemmetadata><itemproc_extension><d2l_2p0:difficulty>1</d2l_2p0:difficulty><d2l_2p0:isbonus>no</d2l_2p0:isbonus><d2l_2p0:ismandatory>no</d2l_2p0:ismandatory></itemproc_extension><presentation><flow><material><mattext texttype="text/html">&lt;p&gt;Put yourself in John&amp;#39;s shoes, and observe the water leaking from the ceiling. In order to untangle the system of cause and effect leading to this problem, what questions should you start to ask? (choose all that apply)&lt;/p&gt;</mattext></material><response_extension><d2l_2p0:display_style>2</d2l_2p0:display_style><d2l_2p0:enumeration>6</d2l_2p0:enumeration><d2l_2p0:grading_type>0</d2l_2p0:grading_type></response_extension><response_lid ident="QUES_12295_17219_LID" rcardinality="Multiple"><render_choice shuffle="yes"><flow_label class="Block"><response_label ident="QUES_12295_17219_A67120"><flow_mat><material><mattext texttype="text/html">&lt;p&gt;Why? (five times)&lt;/p&gt;</mattext></material></flow_mat></response_label></flow_label><flow_label class="Block"><response_label ident="QUES_12295_17219_A67121"><flow_mat><material><mattext texttype="text/html">&lt;p&gt;Who? What? Where? When? Why? How?&lt;/p&gt;</mattext></material></flow_mat></response_label></flow_label><flow_label class="Block"><response_label ident="QUES_12295_17219_A67122"><flow_mat><material><mattext texttype="text/html">&lt;p&gt;Whose fault is this?&lt;/p&gt;</mattext></material></flow_mat></response_label></flow_label><flow_label class="Block"><response_label ident="QUES_12295_17219_A67123"><flow_mat><material><mattext texttype="text/html">&lt;p&gt;How can I stop this?&lt;/p&gt;</mattext></material></flow_mat></response_label></flow_label><flow_label class="Block"><response_label ident="QUES_12295_17219_A67124"><flow_mat><material><mattext texttype="text/html">&lt;p&gt;Who should I complain to?&lt;/p&gt;</mattext></material></flow_mat></response_label></flow_label></render_choice></response_lid></flow></presentation><resprocessing><outcomes><decvar vartype="Integer" defaultval="0" /></outcomes><respcondition title="Scoring for the correct answers" continue="yes"><conditionvar><varequal respident="QUES_12295_17219_LID">QUES_12295_17219_A67120</varequal><varequal respident="QUES_12295_17219_LID">QUES_12295_17219_A67121</varequal><not><varequal respident="QUES_12295_17219_LID">QUES_12295_17219_A67122</varequal><varequal respident="QUES_12295_17219_LID">QUES_12295_17219_A67123</varequal><varequal respident="QUES_12295_17219_LID">QUES_12295_17219_A67124</varequal></not></conditionvar><setvar action="Add">1</setvar></respcondition><respcondition title="Scoring for the incorrect answers" continue="no"><conditionvar><and><not><varequal respident="QUES_12295_17219_LID">QUES_12295_17219_A67120</varequal><varequal respident="QUES_12295_17219_LID">QUES_12295_17219_A67121</varequal><not><varequal respident="QUES_12295_17219_LID">QUES_12295_17219_A67122</varequal><varequal respident="QUES_12295_17219_LID">QUES_12295_17219_A67123</varequal><varequal respident="QUES_12295_17219_LID">QUES_12295_17219_A67124</varequal></not></not></and></conditionvar><setvar action="Add">0</setvar></respcondition></resprocessing><itemfeedback ident="QUES_12295_17219_IF67120"><material><mattext texttype="text/plain" /></material></itemfeedback><itemfeedback ident="QUES_12295_17219_IF67121"><material><mattext texttype="text/plain" /></material></itemfeedback><itemfeedback ident="QUES_12295_17219_IF67122"><material><mattext texttype="text/plain" /></material></itemfeedback><itemfeedback ident="QUES_12295_17219_IF67123"><material><mattext texttype="text/plain" /></material></itemfeedback><itemfeedback ident="QUES_12295_17219_IF67124"><material><mattext texttype="text/plain" /></material></itemfeedback></item><item ident="OBJ_41411" label="QUES_12296_17220" d2l_2p0:page="2"><itemmetadata><qtimetadata><qti_metadatafield><fieldlabel>qmd_computerscored</fieldlabel><fieldentry>yes</fieldentry></qti_metadatafield><qti_metadatafield><fieldlabel>qmd_questiontype</fieldlabel><fieldentry>Multiple Choice</fieldentry></qti_metadatafield><qti_metadatafield><fieldlabel>qmd_weighting</fieldlabel><fieldentry>1.000000000</fieldentry></qti_metadatafield><qti_metadatafield><fieldlabel>qmd_globalid</fieldlabel><fieldentry>8c9b2a07-0473-4b47-8646-7ca2842d3832</fieldentry></qti_metadatafield><qti_metadatafield><fieldlabel>qmd_displayid</fieldlabel><fieldentry>SB-Digital_Academy2-5</fieldentry></qti_metadatafield></qtimetadata></itemmetadata><itemproc_extension><d2l_2p0:difficulty>1</d2l_2p0:difficulty><d2l_2p0:isbonus>no</d2l_2p0:isbonus><d2l_2p0:ismandatory>no</d2l_2p0:ismandatory></itemproc_extension><presentation><flow><material><mattext texttype="text/html">&lt;p&gt;Why is it important to consider the system from different perspectives of those impacted?&lt;/p&gt;</mattext></material><response_extension><d2l_2p0:display_style>2</d2l_2p0:display_style><d2l_2p0:enumeration>6</d2l_2p0:enumeration><d2l_2p0:grading_type>0</d2l_2p0:grading_type></response_extension><response_lid ident="QUES_12296_17220_LID" rcardinality="Single"><render_choice shuffle="no"><flow_label class="Block"><response_label ident="QUES_12296_17220_A67125"><flow_mat><material><mattext texttype="text/html">&lt;p&gt;Understand possible constraints&lt;/p&gt;</mattext></material></flow_mat></response_label></flow_label><flow_label class="Block"><response_label ident="QUES_12296_17220_A67126"><flow_mat><material><mattext texttype="text/html">&lt;p&gt;Help identify the right problem to solve&lt;/p&gt;</mattext></material></flow_mat></response_label></flow_label><flow_label class="Block"><response_label ident="QUES_12296_17220_A67127"><flow_mat><material><mattext texttype="text/html">&lt;p&gt;Gauge the influence people, groups, or individuals have to affect or be affected by a system&lt;/p&gt;</mattext></material></flow_mat></response_label></flow_label><flow_label class="Block"><response_label ident="QUES_12296_17220_A67128"><flow_mat><material><mattext texttype="text/html">&lt;p&gt;All of the above&lt;/p&gt;</mattext></material></flow_mat></response_label></flow_label></render_choice></response_lid></flow></presentation><resprocessing><respcondition title="Response Condition 1"><conditionvar><varequal respident="QUES_12296_17220_LID">QUES_12296_17220_A67125</varequal></conditionvar><setvar action="Set">0.000000000</setvar><displayfeedback feedbacktype="Response" linkrefid="QUES_12296_17220_IF67125" /></respcondition><respcondition title="Response Condition 2"><conditionvar><varequal respident="QUES_12296_17220_LID">QUES_12296_17220_A67126</varequal></conditionvar><setvar action="Set">0.000000000</setvar><displayfeedback feedbacktype="Response" linkrefid="QUES_12296_17220_IF67126" /></respcondition><respcondition title="Response Condition 3"><conditionvar><varequal respident="QUES_12296_17220_LID">QUES_12296_17220_A67127</varequal></conditionvar><setvar action="Set">0.000000000</setvar><displayfeedback feedbacktype="Response" linkrefid="QUES_12296_17220_IF67127" /></respcondition><respcondition title="Response Condition 4"><conditionvar><varequal respident="QUES_12296_17220_LID">QUES_12296_17220_A67128</varequal></conditionvar><setvar action="Set">100.000000000</setvar><displayfeedback feedbacktype="Response" linkrefid="QUES_12296_17220_IF67128" /></respcondition></resprocessing><itemfeedback ident="QUES_12296_17220_IF67125"><material><mattext texttype="text/plain" /></material></itemfeedback><itemfeedback ident="QUES_12296_17220_IF67126"><material><mattext texttype="text/plain" /></material></itemfeedback><itemfeedback ident="QUES_12296_17220_IF67127"><material><mattext texttype="text/plain" /></material></itemfeedback><itemfeedback ident="QUES_12296_17220_IF67128"><material><mattext texttype="text/plain" /></material></itemfeedback></item><item ident="OBJ_41412" label="QUES_12297_17221" d2l_2p0:page="2"><itemmetadata><qtimetadata><qti_metadatafield><fieldlabel>qmd_computerscored</fieldlabel><fieldentry>yes</fieldentry></qti_metadatafield><qti_metadatafield><fieldlabel>qmd_questiontype</fieldlabel><fieldentry>Multiple Choice</fieldentry></qti_metadatafield><qti_metadatafield><fieldlabel>qmd_weighting</fieldlabel><fieldentry>1.000000000</fieldentry></qti_metadatafield><qti_metadatafield><fieldlabel>qmd_globalid</fieldlabel><fieldentry>19c8526b-d3f9-4d48-9523-c7424598ae28</fieldentry></qti_metadatafield><qti_metadatafield><fieldlabel>qmd_displayid</fieldlabel><fieldentry>SB-Digital_Academy2-6</fieldentry></qti_metadatafield></qtimetadata></itemmetadata><itemproc_extension><d2l_2p0:difficulty>1</d2l_2p0:difficulty><d2l_2p0:isbonus>no</d2l_2p0:isbonus><d2l_2p0:ismandatory>no</d2l_2p0:ismandatory></itemproc_extension><presentation><flow><material><mattext texttype="text/html">&lt;p&gt;Dave (he/him) is having a hard time navigating the DFO website to find more information on his dock building project and its effect on fish habitat. He feels incredibly frustrated - what term would best represent this?&lt;/p&gt;</mattext></material><response_extension><d2l_2p0:display_style>2</d2l_2p0:display_style><d2l_2p0:enumeration>6</d2l_2p0:enumeration><d2l_2p0:grading_type>0</d2l_2p0:grading_type></response_extension><response_lid ident="QUES_12297_17221_LID" rcardinality="Single"><render_choice shuffle="yes"><flow_label class="Block"><response_label ident="QUES_12297_17221_A67129"><flow_mat><material><mattext texttype="text/html">&lt;p&gt;Pain point&lt;/p&gt;</mattext></material></flow_mat></response_label></flow_label><flow_label class="Block"><response_label ident="QUES_12297_17221_A67130"><flow_mat><material><mattext texttype="text/html">&lt;p&gt;Journey phase&lt;/p&gt;</mattext></material></flow_mat></response_label></flow_label><flow_label class="Block"><response_label ident="QUES_12297_17221_A67131"><flow_mat><material><mattext texttype="text/html">&lt;p&gt;Emotional curve&lt;/p&gt;</mattext></material></flow_mat></response_label></flow_label><flow_label class="Block"><response_label ident="QUES_12297_17221_A67132"><flow_mat><material><mattext texttype="text/html">&lt;p&gt;Lack of empathy&lt;/p&gt;</mattext></material></flow_mat></response_label></flow_label></render_choice></response_lid></flow></presentation><resprocessing><respcondition title="Response Condition 1"><conditionvar><varequal respident="QUES_12297_17221_LID">QUES_12297_17221_A67129</varequal></conditionvar><setvar action="Set">100.000000000</setvar><displayfeedback feedbacktype="Response" linkrefid="QUES_12297_17221_IF67129" /></respcondition><respcondition title="Response Condition 2"><conditionvar><varequal respident="QUES_12297_17221_LID">QUES_12297_17221_A67130</varequal></conditionvar><setvar action="Set">0.000000000</setvar><displayfeedback feedbacktype="Response" linkrefid="QUES_12297_17221_IF67130" /></respcondition><respcondition title="Response Condition 3"><conditionvar><varequal respident="QUES_12297_17221_LID">QUES_12297_17221_A67131</varequal></conditionvar><setvar action="Set">0.000000000</setvar><displayfeedback feedbacktype="Response" linkrefid="QUES_12297_17221_IF67131" /></respcondition><respcondition title="Response Condition 4"><conditionvar><varequal respident="QUES_12297_17221_LID">QUES_12297_17221_A67132</varequal></conditionvar><setvar action="Set">0.000000000</setvar><displayfeedback feedbacktype="Response" linkrefid="QUES_12297_17221_IF67132" /></respcondition></resprocessing><itemfeedback ident="QUES_12297_17221_IF67129"><material><mattext texttype="text/plain" /></material></itemfeedback><itemfeedback ident="QUES_12297_17221_IF67130"><material><mattext texttype="text/plain" /></material></itemfeedback><itemfeedback ident="QUES_12297_17221_IF67131"><material><mattext texttype="text/plain" /></material></itemfeedback><itemfeedback ident="QUES_12297_17221_IF67132"><material><mattext texttype="text/plain" /></material></itemfeedback></item><item ident="OBJ_41413" label="QUES_12298_17222" d2l_2p0:page="2"><itemmetadata><qtimetadata><qti_metadatafield><fieldlabel>qmd_computerscored</fieldlabel><fieldentry>yes</fieldentry></qti_metadatafield><qti_metadatafield><fieldlabel>qmd_questiontype</fieldlabel><fieldentry>Multiple Choice</fieldentry></qti_metadatafield><qti_metadatafield><fieldlabel>qmd_weighting</fieldlabel><fieldentry>1.000000000</fieldentry></qti_metadatafield><qti_metadatafield><fieldlabel>qmd_globalid</fieldlabel><fieldentry>e9e5e179-9580-4eb6-a74f-ce0063d9e8ec</fieldentry></qti_metadatafield><qti_metadatafield><fieldlabel>qmd_displayid</fieldlabel><fieldentry>SB-Digital_Academy2-7</fieldentry></qti_metadatafield></qtimetadata></itemmetadata><itemproc_extension><d2l_2p0:difficulty>1</d2l_2p0:difficulty><d2l_2p0:isbonus>no</d2l_2p0:isbonus><d2l_2p0:ismandatory>no</d2l_2p0:ismandatory></itemproc_extension><presentation><flow><material><mattext texttype="text/html">&lt;p&gt;The DFO team received a call about their regulatory review process from Dave, a disgruntled citizen and offered a compassionate tone when answering their questions. What is this an example of?&lt;/p&gt;</mattext></material><response_extension><d2l_2p0:display_style>2</d2l_2p0:display_style><d2l_2p0:enumeration>6</d2l_2p0:enumeration><d2l_2p0:grading_type>0</d2l_2p0:grading_type></response_extension><response_lid ident="QUES_12298_17222_LID" rcardinality="Single"><render_choice shuffle="yes"><flow_label class="Block"><response_label ident="QUES_12298_17222_A67133"><flow_mat><material><mattext texttype="text/html">&lt;p&gt;Offering a helping hand&lt;/p&gt;</mattext></material></flow_mat></response_label></flow_label><flow_label class="Block"><response_label ident="QUES_12298_17222_A67134"><flow_mat><material><mattext texttype="text/html">&lt;p&gt;An act of sympathy&lt;/p&gt;</mattext></material></flow_mat></response_label></flow_label><flow_label class="Block"><response_label ident="QUES_12298_17222_A67135"><flow_mat><material><mattext texttype="text/html">&lt;p&gt;Practicing empathy&lt;/p&gt;</mattext></material></flow_mat></response_label></flow_label><flow_label class="Block"><response_label ident="QUES_12298_17222_A67136"><flow_mat><material><mattext texttype="text/html">&lt;p&gt;Doing their due diligence&lt;/p&gt;</mattext></material></flow_mat></response_label></flow_label></render_choice></response_lid></flow></presentation><resprocessing><respcondition title="Response Condition 1"><conditionvar><varequal respident="QUES_12298_17222_LID">QUES_12298_17222_A67133</varequal></conditionvar><setvar action="Set">0.000000000</setvar><displayfeedback feedbacktype="Response" linkrefid="QUES_12298_17222_IF67133" /></respcondition><respcondition title="Response Condition 2"><conditionvar><varequal respident="QUES_12298_17222_LID">QUES_12298_17222_A67134</varequal></conditionvar><setvar action="Set">100.000000000</setvar><displayfeedback feedbacktype="Response" linkrefid="QUES_12298_17222_IF67134" /></respcondition><respcondition title="Response Condition 3"><conditionvar><varequal respident="QUES_12298_17222_LID">QUES_12298_17222_A67135</varequal></conditionvar><setvar action="Set">0.000000000</setvar><displayfeedback feedbacktype="Response" linkrefid="QUES_12298_17222_IF67135" /></respcondition><respcondition title="Response Condition 4"><conditionvar><varequal respident="QUES_12298_17222_LID">QUES_12298_17222_A67136</varequal></conditionvar><setvar action="Set">0.000000000</setvar><displayfeedback feedbacktype="Response" linkrefid="QUES_12298_17222_IF67136" /></respcondition></resprocessing><itemfeedback ident="QUES_12298_17222_IF67133"><material><mattext texttype="text/plain" /></material></itemfeedback><itemfeedback ident="QUES_12298_17222_IF67134"><material><mattext texttype="text/plain" /></material></itemfeedback><itemfeedback ident="QUES_12298_17222_IF67135"><material><mattext texttype="text/plain" /></material></itemfeedback><itemfeedback ident="QUES_12298_17222_IF67136"><material><mattext texttype="text/plain" /></material></itemfeedback></item><item ident="OBJ_41414" label="QUES_12299_17223" d2l_2p0:page="2"><itemmetadata><qtimetadata><qti_metadatafield><fieldlabel>qmd_computerscored</fieldlabel><fieldentry>yes</fieldentry></qti_metadatafield><qti_metadatafield><fieldlabel>qmd_questiontype</fieldlabel><fieldentry>Multi-Select</fieldentry></qti_metadatafield><qti_metadatafield><fieldlabel>qmd_weighting</fieldlabel><fieldentry>1.000000000</fieldentry></qti_metadatafield><qti_metadatafield><fieldlabel>qmd_globalid</fieldlabel><fieldentry>f02efbea-a15f-4a1b-82c1-f0fff95e15af</fieldentry></qti_metadatafield><qti_metadatafield><fieldlabel>qmd_displayid</fieldlabel><fieldentry>SB-Digital_Academy2-8</fieldentry></qti_metadatafield></qtimetadata></itemmetadata><itemproc_extension><d2l_2p0:difficulty>1</d2l_2p0:difficulty><d2l_2p0:isbonus>no</d2l_2p0:isbonus><d2l_2p0:ismandatory>no</d2l_2p0:ismandatory></itemproc_extension><presentation><flow><material><mattext texttype="text/html">&lt;p&gt;What is an example(s) of building empathy into your design process? (choose all that apply)&lt;/p&gt;</mattext></material><response_extension><d2l_2p0:display_style>2</d2l_2p0:display_style><d2l_2p0:enumeration>6</d2l_2p0:enumeration><d2l_2p0:grading_type>0</d2l_2p0:grading_type></response_extension><response_lid ident="QUES_12299_17223_LID" rcardinality="Multiple"><render_choice shuffle="no"><flow_label class="Block"><response_label ident="QUES_12299_17223_A67137"><flow_mat><material><mattext texttype="text/html">&lt;p&gt;Performing user interviews&lt;/p&gt;</mattext></material></flow_mat></response_label></flow_label><flow_label class="Block"><response_label ident="QUES_12299_17223_A67138"><flow_mat><material><mattext texttype="text/html">&lt;p&gt;Considering organization priorities&lt;/p&gt;</mattext></material></flow_mat></response_label></flow_label><flow_label class="Block"><response_label ident="QUES_12299_17223_A67139"><flow_mat><material><mattext texttype="text/html">&lt;p&gt;Thinking of the user&amp;#39;s needs throughout the project&lt;/p&gt;</mattext></material></flow_mat></response_label></flow_label><flow_label class="Block"><response_label ident="QUES_12299_17223_A67140"><flow_mat><material><mattext texttype="text/html">&lt;p&gt;All of the above&lt;/p&gt;</mattext></material></flow_mat></response_label></flow_label></render_choice></response_lid></flow></presentation><resprocessing><outcomes><decvar vartype="Integer" defaultval="0" /></outcomes><respcondition title="Scoring for the correct answers" continue="yes"><conditionvar><varequal respident="QUES_12299_17223_LID">QUES_12299_17223_A67137</varequal><varequal respident="QUES_12299_17223_LID">QUES_12299_17223_A67139</varequal><not><varequal respident="QUES_12299_17223_LID">QUES_12299_17223_A67138</varequal><varequal respident="QUES_12299_17223_LID">QUES_12299_17223_A67140</varequal></not></conditionvar><setvar action="Add">1</setvar></respcondition><respcondition title="Scoring for the incorrect answers" continue="no"><conditionvar><and><not><varequal respident="QUES_12299_17223_LID">QUES_12299_17223_A67137</varequal><varequal respident="QUES_12299_17223_LID">QUES_12299_17223_A67139</varequal><not><varequal respident="QUES_12299_17223_LID">QUES_12299_17223_A67138</varequal><varequal respident="QUES_12299_17223_LID">QUES_12299_17223_A67140</varequal></not></not></and></conditionvar><setvar action="Add">0</setvar></respcondition></resprocessing><itemfeedback ident="QUES_12299_17223_IF67137"><material><mattext texttype="text/plain" /></material></itemfeedback><itemfeedback ident="QUES_12299_17223_IF67138"><material><mattext texttype="text/plain" /></material></itemfeedback><itemfeedback ident="QUES_12299_17223_IF67139"><material><mattext texttype="text/plain" /></material></itemfeedback><itemfeedback ident="QUES_12299_17223_IF67140"><material><mattext texttype="text/plain" /></material></itemfeedback></item><item ident="OBJ_41415" label="QUES_12300_17224" d2l_2p0:page="3"><itemmetadata><qtimetadata><qti_metadatafield><fieldlabel>qmd_computerscored</fieldlabel><fieldentry>yes</fieldentry></qti_metadatafield><qti_metadatafield><fieldlabel>qmd_questiontype</fieldlabel><fieldentry>Multiple Choice</fieldentry></qti_metadatafield><qti_metadatafield><fieldlabel>qmd_weighting</fieldlabel><fieldentry>1.000000000</fieldentry></qti_metadatafield><qti_metadatafield><fieldlabel>qmd_globalid</fieldlabel><fieldentry>bca05fcf-1a86-492a-b298-e599b7aa9eb6</fieldentry></qti_metadatafield><qti_metadatafield><fieldlabel>qmd_displayid</fieldlabel><fieldentry>SB-Digital_Academy2-9</fieldentry></qti_metadatafield></qtimetadata></itemmetadata><itemproc_extension><d2l_2p0:difficulty>1</d2l_2p0:difficulty><d2l_2p0:isbonus>no</d2l_2p0:isbonus><d2l_2p0:ismandatory>no</d2l_2p0:ismandatory></itemproc_extension><presentation><flow><material><mattext texttype="text/html">&lt;p&gt;Transport Canada provides dangerous goods inspectors with apps on their smartphones to log data from inspections and transmit the data back to the team. The inspector goes to a flammable goods site that doesn&amp;#39;t allow smartphones inside, because they could cause a spark. The inspector ends up using paper and a pencil to document the compliance issues instead of taking pictures. This problem could have been avoided if the Transport Canada team had:&lt;/p&gt;</mattext></material><response_extension><d2l_2p0:display_style>2</d2l_2p0:display_style><d2l_2p0:enumeration>6</d2l_2p0:enumeration><d2l_2p0:grading_type>0</d2l_2p0:grading_type></response_extension><response_lid ident="QUES_12300_17224_LID" rcardinality="Single"><render_choice shuffle="yes"><flow_label class="Block"><response_label ident="QUES_12300_17224_A67141"><flow_mat><material><mattext texttype="text/html">&lt;p&gt;Practiced empathy by going on site visits with the inspector&lt;/p&gt;</mattext></material></flow_mat></response_label></flow_label><flow_label class="Block"><response_label ident="QUES_12300_17224_A67142"><flow_mat><material><mattext texttype="text/html">&lt;p&gt;Performed root cause analysis&lt;/p&gt;</mattext></material></flow_mat></response_label></flow_label><flow_label class="Block"><response_label ident="QUES_12300_17224_A67143"><flow_mat><material><mattext texttype="text/html">&lt;p&gt;Distinguished between a problem and a symptom&lt;/p&gt;</mattext></material></flow_mat></response_label></flow_label><flow_label class="Block"><response_label ident="QUES_12300_17224_A67144"><flow_mat><material><mattext texttype="text/html">&lt;p&gt;Framed the problem&lt;/p&gt;</mattext></material></flow_mat></response_label></flow_label></render_choice></response_lid></flow></presentation><resprocessing><respcondition title="Response Condition 1"><conditionvar><varequal respident="QUES_12300_17224_LID">QUES_12300_17224_A67141</varequal></conditionvar><setvar action="Set">100.000000000</setvar><displayfeedback feedbacktype="Response" linkrefid="QUES_12300_17224_IF67141" /></respcondition><respcondition title="Response Condition 2"><conditionvar><varequal respident="QUES_12300_17224_LID">QUES_12300_17224_A67142</varequal></conditionvar><setvar action="Set">0.000000000</setvar><displayfeedback feedbacktype="Response" linkrefid="QUES_12300_17224_IF67142" /></respcondition><respcondition title="Response Condition 3"><conditionvar><varequal respident="QUES_12300_17224_LID">QUES_12300_17224_A67143</varequal></conditionvar><setvar action="Set">0.000000000</setvar><displayfeedback feedbacktype="Response" linkrefid="QUES_12300_17224_IF67143" /></respcondition><respcondition title="Response Condition 4"><conditionvar><varequal respident="QUES_12300_17224_LID">QUES_12300_17224_A67144</varequal></conditionvar><setvar action="Set">0.000000000</setvar><displayfeedback feedbacktype="Response" linkrefid="QUES_12300_17224_IF67144" /></respcondition></resprocessing><itemfeedback ident="QUES_12300_17224_IF67141"><material><mattext texttype="text/plain" /></material></itemfeedback><itemfeedback ident="QUES_12300_17224_IF67142"><material><mattext texttype="text/plain" /></material></itemfeedback><itemfeedback ident="QUES_12300_17224_IF67143"><material><mattext texttype="text/plain" /></material></itemfeedback><itemfeedback ident="QUES_12300_17224_IF67144"><material><mattext texttype="text/plain" /></material></itemfeedback></item><item ident="OBJ_41416" label="QUES_12301_17225" d2l_2p0:page="3"><itemmetadata><qtimetadata><qti_metadatafield><fieldlabel>qmd_computerscored</fieldlabel><fieldentry>yes</fieldentry></qti_metadatafield><qti_metadatafield><fieldlabel>qmd_questiontype</fieldlabel><fieldentry>Multiple Choice</fieldentry></qti_metadatafield><qti_metadatafield><fieldlabel>qmd_weighting</fieldlabel><fieldentry>1.000000000</fieldentry></qti_metadatafield><qti_metadatafield><fieldlabel>qmd_globalid</fieldlabel><fieldentry>94f8e66c-dd4e-4bd9-a5af-f4a21650fa0e</fieldentry></qti_metadatafield><qti_metadatafield><fieldlabel>qmd_displayid</fieldlabel><fieldentry>SB-Digital_Academy2-10</fieldentry></qti_metadatafield></qtimetadata></itemmetadata><itemproc_extension><d2l_2p0:difficulty>1</d2l_2p0:difficulty><d2l_2p0:isbonus>no</d2l_2p0:isbonus><d2l_2p0:ismandatory>no</d2l_2p0:ismandatory></itemproc_extension><presentation><flow><material><mattext texttype="text/html">&lt;p&gt;Transport Canada is looking for a tool to help highlight the current state of their inspector&amp;#39;s journey to a hazardous site and identify areas of opportunity to help address their pain points. What tool would they use?&lt;/p&gt;</mattext></material><response_extension><d2l_2p0:display_style>2</d2l_2p0:display_style><d2l_2p0:enumeration>6</d2l_2p0:enumeration><d2l_2p0:grading_type>0</d2l_2p0:grading_type></response_extension><response_lid ident="QUES_12301_17225_LID" rcardinality="Single"><render_choice shuffle="yes"><flow_label class="Block"><response_label ident="QUES_12301_17225_A67145"><flow_mat><material><mattext texttype="text/html">&lt;p&gt;Empathy map&lt;/p&gt;</mattext></material></flow_mat></response_label></flow_label><flow_label class="Block"><response_label ident="QUES_12301_17225_A67146"><flow_mat><material><mattext texttype="text/html">&lt;p&gt;Mission model canvas&lt;/p&gt;</mattext></material></flow_mat></response_label></flow_label><flow_label class="Block"><response_label ident="QUES_12301_17225_A67147"><flow_mat><material><mattext texttype="text/html">&lt;p&gt;Journey map&lt;/p&gt;</mattext></material></flow_mat></response_label></flow_label><flow_label class="Block"><response_label ident="QUES_12301_17225_A67148"><flow_mat><material><mattext texttype="text/html">&lt;p&gt;Cause and effect analysis&lt;/p&gt;</mattext></material></flow_mat></response_label></flow_label></render_choice></response_lid></flow></presentation><resprocessing><respcondition title="Response Condition 1"><conditionvar><varequal respident="QUES_12301_17225_LID">QUES_12301_17225_A67145</varequal></conditionvar><setvar action="Set">0.000000000</setvar><displayfeedback feedbacktype="Response" linkrefid="QUES_12301_17225_IF67145" /></respcondition><respcondition title="Response Condition 2"><conditionvar><varequal respident="QUES_12301_17225_LID">QUES_12301_17225_A67146</varequal></conditionvar><setvar action="Set">0.000000000</setvar><displayfeedback feedbacktype="Response" linkrefid="QUES_12301_17225_IF67146" /></respcondition><respcondition title="Response Condition 3"><conditionvar><varequal respident="QUES_12301_17225_LID">QUES_12301_17225_A67147</varequal></conditionvar><setvar action="Set">100.000000000</setvar><displayfeedback feedbacktype="Response" linkrefid="QUES_12301_17225_IF67147" /></respcondition><respcondition title="Response Condition 4"><conditionvar><varequal respident="QUES_12301_17225_LID">QUES_12301_17225_A67148</varequal></conditionvar><setvar action="Set">0.000000000</setvar><displayfeedback feedbacktype="Response" linkrefid="QUES_12301_17225_IF67148" /></respcondition></resprocessing><itemfeedback ident="QUES_12301_17225_IF67145"><material><mattext texttype="text/plain" /></material></itemfeedback><itemfeedback ident="QUES_12301_17225_IF67146"><material><mattext texttype="text/plain" /></material></itemfeedback><itemfeedback ident="QUES_12301_17225_IF67147"><material><mattext texttype="text/plain" /></material></itemfeedback><itemfeedback ident="QUES_12301_17225_IF67148"><material><mattext texttype="text/plain" /></material></itemfeedback></item><item ident="OBJ_41417" label="QUES_12302_17479" d2l_2p0:page="3"><itemmetadata><qtimetadata><qti_metadatafield><fieldlabel>qmd_computerscored</fieldlabel><fieldentry>yes</fieldentry></qti_metadatafield><qti_metadatafield><fieldlabel>qmd_questiontype</fieldlabel><fieldentry>Multiple Choice</fieldentry></qti_metadatafield><qti_metadatafield><fieldlabel>qmd_weighting</fieldlabel><fieldentry>1.000000000</fieldentry></qti_metadatafield><qti_metadatafield><fieldlabel>qmd_globalid</fieldlabel><fieldentry>90e55720-6e99-4a74-80a8-bcd96b5f92e2</fieldentry></qti_metadatafield><qti_metadatafield><fieldlabel>qmd_displayid</fieldlabel><fieldentry>SB-Digital_Academy2-11</fieldentry></qti_metadatafield></qtimetadata></itemmetadata><itemproc_extension><d2l_2p0:difficulty>1</d2l_2p0:difficulty><d2l_2p0:isbonus>no</d2l_2p0:isbonus><d2l_2p0:ismandatory>no</d2l_2p0:ismandatory></itemproc_extension><presentation><flow><material><mattext texttype="text/html">&lt;p&gt;Determining the type of problem space you are facing will allow you to better position yourself when considering the goals and the design criteria needed to solve the problem. Which of the following is not a characteristic of an adaptive problem?&lt;/p&gt;</mattext></material><response_extension><d2l_2p0:display_style>2</d2l_2p0:display_style><d2l_2p0:enumeration>6</d2l_2p0:enumeration><d2l_2p0:grading_type>0</d2l_2p0:grading_type></response_extension><response_lid ident="QUES_12302_17479_LID" rcardinality="Single"><render_choice shuffle="yes"><flow_label class="Block"><response_label ident="QUES_12302_17479_A68094"><flow_mat><material><mattext texttype="text/html">&lt;p&gt;Solutions can often be implemented quickly—even by edict&lt;/p&gt;</mattext></material></flow_mat></response_label></flow_label><flow_label class="Block"><response_label ident="QUES_12302_17479_A68095"><flow_mat><material><mattext texttype="text/html">&lt;p&gt;People often resist even acknowledging adaptive problems&lt;/p&gt;</mattext></material></flow_mat></response_label></flow_label><flow_label class="Block"><response_label ident="QUES_12302_17479_A68096"><flow_mat><material><mattext texttype="text/html">&lt;p&gt;Difficult to identify (easy to deny)&lt;/p&gt;</mattext></material></flow_mat></response_label></flow_label><flow_label class="Block"><response_label ident="QUES_12302_17479_A68097"><flow_mat><material><mattext texttype="text/html">&lt;p&gt;Require change in numerous places; usually cross organizational boundaries&lt;/p&gt;</mattext></material></flow_mat></response_label></flow_label><flow_label class="Block"><response_label ident="QUES_12302_17479_A68098"><flow_mat><material><mattext texttype="text/html">&lt;p&gt;People with the problem do the work of solving it&lt;/p&gt;</mattext></material></flow_mat></response_label></flow_label></render_choice></response_lid></flow></presentation><resprocessing><respcondition title="Response Condition 1"><conditionvar><varequal respident="QUES_12302_17479_LID">QUES_12302_17479_A68094</varequal></conditionvar><setvar action="Set">100.000000000</setvar><displayfeedback feedbacktype="Response" linkrefid="QUES_12302_17479_IF68094" /></respcondition><respcondition title="Response Condition 2"><conditionvar><varequal respident="QUES_12302_17479_LID">QUES_12302_17479_A68095</varequal></conditionvar><setvar action="Set">0.000000000</setvar><displayfeedback feedbacktype="Response" linkrefid="QUES_12302_17479_IF68095" /></respcondition><respcondition title="Response Condition 3"><conditionvar><varequal respident="QUES_12302_17479_LID">QUES_12302_17479_A68096</varequal></conditionvar><setvar action="Set">0.000000000</setvar><displayfeedback feedbacktype="Response" linkrefid="QUES_12302_17479_IF68096" /></respcondition><respcondition title="Response Condition 4"><conditionvar><varequal respident="QUES_12302_17479_LID">QUES_12302_17479_A68097</varequal></conditionvar><setvar action="Set">0.000000000</setvar><displayfeedback feedbacktype="Response" linkrefid="QUES_12302_17479_IF68097" /></respcondition><respcondition title="Response Condition 5"><conditionvar><varequal respident="QUES_12302_17479_LID">QUES_12302_17479_A68098</varequal></conditionvar><setvar action="Set">0.000000000</setvar><displayfeedback feedbacktype="Response" linkrefid="QUES_12302_17479_IF68098" /></respcondition></resprocessing><itemfeedback ident="QUES_12302_17479_IF68094"><material><mattext texttype="text/plain" /></material></itemfeedback><itemfeedback ident="QUES_12302_17479_IF68095"><material><mattext texttype="text/plain" /></material></itemfeedback><itemfeedback ident="QUES_12302_17479_IF68096"><material><mattext texttype="text/plain" /></material></itemfeedback><itemfeedback ident="QUES_12302_17479_IF68097"><material><mattext texttype="text/plain" /></material></itemfeedback><itemfeedback ident="QUES_12302_17479_IF68098"><material><mattext texttype="text/plain" /></material></itemfeedback></item><item ident="OBJ_41418" label="QUES_12303_17227" d2l_2p0:page="3"><itemmetadata><qtimetadata><qti_metadatafield><fieldlabel>qmd_computerscored</fieldlabel><fieldentry>yes</fieldentry></qti_metadatafield><qti_metadatafield><fieldlabel>qmd_questiontype</fieldlabel><fieldentry>Multiple Choice</fieldentry></qti_metadatafield><qti_metadatafield><fieldlabel>qmd_weighting</fieldlabel><fieldentry>1.000000000</fieldentry></qti_metadatafield><qti_metadatafield><fieldlabel>qmd_globalid</fieldlabel><fieldentry>36e1d375-5469-4b8a-8341-5f489af00c3a</fieldentry></qti_metadatafield><qti_metadatafield><fieldlabel>qmd_displayid</fieldlabel><fieldentry>SB-Digital_Academy2-12</fieldentry></qti_metadatafield></qtimetadata></itemmetadata><itemproc_extension><d2l_2p0:difficulty>1</d2l_2p0:difficulty><d2l_2p0:isbonus>no</d2l_2p0:isbonus><d2l_2p0:ismandatory>no</d2l_2p0:ismandatory></itemproc_extension><presentation><flow><material><mattext texttype="text/html">&lt;p&gt;Which of the following problems is a technical problem?&lt;/p&gt;</mattext></material><response_extension><d2l_2p0:display_style>2</d2l_2p0:display_style><d2l_2p0:enumeration>6</d2l_2p0:enumeration><d2l_2p0:grading_type>0</d2l_2p0:grading_type></response_extension><response_lid ident="QUES_12303_17227_LID" rcardinality="Single"><render_choice shuffle="yes"><flow_label class="Block"><response_label ident="QUES_12303_17227_A67155"><flow_mat><material><mattext texttype="text/html">&lt;p&gt;The distribution and deployment of vaccines to the public.&lt;/p&gt;</mattext></material></flow_mat></response_label></flow_label><flow_label class="Block"><response_label ident="QUES_12303_17227_A67156"><flow_mat><material><mattext texttype="text/html">&lt;p&gt;It is difficult to navigate the canada.ca website and find relevant information quickly.&lt;/p&gt;</mattext></material></flow_mat></response_label></flow_label><flow_label class="Block"><response_label ident="QUES_12303_17227_A67157"><flow_mat><material><mattext texttype="text/html">&lt;p&gt;Teams are siloed which fosters a closed-off work environment, making communication, collaboration and sharing of research data across departments and organizations challenging.&lt;/p&gt;</mattext></material></flow_mat></response_label></flow_label><flow_label class="Block"><response_label ident="QUES_12303_17227_A67158"><flow_mat><material><mattext texttype="text/html">&lt;p&gt;Members of the public suffering financially due to pandemic-related lockdowns.&lt;/p&gt;</mattext></material></flow_mat></response_label></flow_label></render_choice></response_lid></flow></presentation><resprocessing><respcondition title="Response Condition 1"><conditionvar><varequal respident="QUES_12303_17227_LID">QUES_12303_17227_A67155</varequal></conditionvar><setvar action="Set">0.000000000</setvar><displayfeedback feedbacktype="Response" linkrefid="QUES_12303_17227_IF67155" /></respcondition><respcondition title="Response Condition 2"><conditionvar><varequal respident="QUES_12303_17227_LID">QUES_12303_17227_A67156</varequal></conditionvar><setvar action="Set">100.000000000</setvar><displayfeedback feedbacktype="Response" linkrefid="QUES_12303_17227_IF67156" /></respcondition><respcondition title="Response Condition 3"><conditionvar><varequal respident="QUES_12303_17227_LID">QUES_12303_17227_A67157</varequal></conditionvar><setvar action="Set">0.000000000</setvar><displayfeedback feedbacktype="Response" linkrefid="QUES_12303_17227_IF67157" /></respcondition><respcondition title="Response Condition 4"><conditionvar><varequal respident="QUES_12303_17227_LID">QUES_12303_17227_A67158</varequal></conditionvar><setvar action="Set">0.000000000</setvar><displayfeedback feedbacktype="Response" linkrefid="QUES_12303_17227_IF67158" /></respcondition></resprocessing><itemfeedback ident="QUES_12303_17227_IF67155"><material><mattext texttype="text/plain" /></material></itemfeedback><itemfeedback ident="QUES_12303_17227_IF67156"><material><mattext texttype="text/plain" /></material></itemfeedback><itemfeedback ident="QUES_12303_17227_IF67157"><material><mattext texttype="text/plain" /></material></itemfeedback><itemfeedback ident="QUES_12303_17227_IF67158"><material><mattext texttype="text/plain" /></material></itemfeedback></item><item ident="OBJ_41419" label="QUES_12304_17228" d2l_2p0:page="4"><itemmetadata><qtimetadata><qti_metadatafield><fieldlabel>qmd_computerscored</fieldlabel><fieldentry>yes</fieldentry></qti_metadatafield><qti_metadatafield><fieldlabel>qmd_questiontype</fieldlabel><fieldentry>Multiple Choice</fieldentry></qti_metadatafield><qti_metadatafield><fieldlabel>qmd_weighting</fieldlabel><fieldentry>1.000000000</fieldentry></qti_metadatafield><qti_metadatafield><fieldlabel>qmd_globalid</fieldlabel><fieldentry>d85cf504-90ae-429b-917e-1b178d932ee6</fieldentry></qti_metadatafield><qti_metadatafield><fieldlabel>qmd_displayid</fieldlabel><fieldentry>SB-Digital_Academy2-13</fieldentry></qti_metadatafield></qtimetadata></itemmetadata><itemproc_extension><d2l_2p0:difficulty>1</d2l_2p0:difficulty><d2l_2p0:isbonus>no</d2l_2p0:isbonus><d2l_2p0:ismandatory>no</d2l_2p0:ismandatory></itemproc_extension><presentation><flow><material><mattext texttype="text/html">&lt;p&gt;When scoping out the boundaries of a problem space, what does feasibility refer to?&lt;/p&gt;</mattext></material><response_extension><d2l_2p0:display_style>2</d2l_2p0:display_style><d2l_2p0:enumeration>6</d2l_2p0:enumeration><d2l_2p0:grading_type>0</d2l_2p0:grading_type></response_extension><response_lid ident="QUES_12304_17228_LID" rcardinality="Single"><render_choice shuffle="yes"><flow_label class="Block"><response_label ident="QUES_12304_17228_A67159"><flow_mat><material><mattext texttype="text/html">&lt;p&gt;Organization&amp;#39;s ability to make a profit.&lt;/p&gt;</mattext></material></flow_mat></response_label></flow_label><flow_label class="Block"><response_label ident="QUES_12304_17228_A67160"><flow_mat><material><mattext texttype="text/html">&lt;p&gt;Organization&amp;#39;s need to make a meaningful impact.&lt;/p&gt;</mattext></material></flow_mat></response_label></flow_label><flow_label class="Block"><response_label ident="QUES_12304_17228_A67161"><flow_mat><material><mattext texttype="text/html">&lt;p&gt;Organization&amp;#39;s operational capacity to build out the potential solution.&lt;/p&gt;</mattext></material></flow_mat></response_label></flow_label><flow_label class="Block"><response_label ident="QUES_12304_17228_A67162"><flow_mat><material><mattext texttype="text/html">&lt;p&gt;Organization&amp;#39;s capacity to build key partnerships and deploy the solution.&lt;/p&gt;</mattext></material></flow_mat></response_label></flow_label></render_choice></response_lid></flow></presentation><resprocessing><respcondition title="Response Condition 1"><conditionvar><varequal respident="QUES_12304_17228_LID">QUES_12304_17228_A67159</varequal></conditionvar><setvar action="Set">0.000000000</setvar><displayfeedback feedbacktype="Response" linkrefid="QUES_12304_17228_IF67159" /></respcondition><respcondition title="Response Condition 2"><conditionvar><varequal respident="QUES_12304_17228_LID">QUES_12304_17228_A67160</varequal></conditionvar><setvar action="Set">0.000000000</setvar><displayfeedback feedbacktype="Response" linkrefid="QUES_12304_17228_IF67160" /></respcondition><respcondition title="Response Condition 3"><conditionvar><varequal respident="QUES_12304_17228_LID">QUES_12304_17228_A67161</varequal></conditionvar><setvar action="Set">100.000000000</setvar><displayfeedback feedbacktype="Response" linkrefid="QUES_12304_17228_IF67161" /></respcondition><respcondition title="Response Condition 4"><conditionvar><varequal respident="QUES_12304_17228_LID">QUES_12304_17228_A67162</varequal></conditionvar><setvar action="Set">0.000000000</setvar><displayfeedback feedbacktype="Response" linkrefid="QUES_12304_17228_IF67162" /></respcondition></resprocessing><itemfeedback ident="QUES_12304_17228_IF67159"><material><mattext texttype="text/plain" /></material></itemfeedback><itemfeedback ident="QUES_12304_17228_IF67160"><material><mattext texttype="text/plain" /></material></itemfeedback><itemfeedback ident="QUES_12304_17228_IF67161"><material><mattext texttype="text/plain" /></material></itemfeedback><itemfeedback ident="QUES_12304_17228_IF67162"><material><mattext texttype="text/plain" /></material></itemfeedback></item><item ident="OBJ_41420" label="QUES_12305_17229" d2l_2p0:page="4"><itemmetadata><qtimetadata><qti_metadatafield><fieldlabel>qmd_computerscored</fieldlabel><fieldentry>yes</fieldentry></qti_metadatafield><qti_metadatafield><fieldlabel>qmd_questiontype</fieldlabel><fieldentry>Multiple Choice</fieldentry></qti_metadatafield><qti_metadatafield><fieldlabel>qmd_weighting</fieldlabel><fieldentry>1.000000000</fieldentry></qti_metadatafield><qti_metadatafield><fieldlabel>qmd_globalid</fieldlabel><fieldentry>a5f21698-250e-4315-a1f9-2ee00d79ef22</fieldentry></qti_metadatafield><qti_metadatafield><fieldlabel>qmd_displayid</fieldlabel><fieldentry>SB-Digital_Academy2-14</fieldentry></qti_metadatafield></qtimetadata></itemmetadata><itemproc_extension><d2l_2p0:difficulty>1</d2l_2p0:difficulty><d2l_2p0:isbonus>no</d2l_2p0:isbonus><d2l_2p0:ismandatory>no</d2l_2p0:ismandatory></itemproc_extension><presentation><flow><material><mattext texttype="text/html">&lt;p&gt;It&amp;#39;s important to define boundaries of a problem space, so that you don&amp;#39;t start down a path towards implementing a solution that your organization is not suited to deliver. For example, if the DFO were to run live educational sessions for members of the public on when and how to apply through the website for regulatory review, which of the following criteria would DFO&amp;#39;s proposed solution not be met?&lt;/p&gt;</mattext></material><response_extension><d2l_2p0:display_style>2</d2l_2p0:display_style><d2l_2p0:enumeration>6</d2l_2p0:enumeration><d2l_2p0:grading_type>0</d2l_2p0:grading_type></response_extension><response_lid ident="QUES_12305_17229_LID" rcardinality="Single"><render_choice shuffle="no"><flow_label class="Block"><response_label ident="QUES_12305_17229_A67163"><flow_mat><material><mattext texttype="text/html">&lt;p&gt;Feasible&lt;/p&gt;</mattext></material></flow_mat></response_label></flow_label><flow_label class="Block"><response_label ident="QUES_12305_17229_A67164"><flow_mat><material><mattext texttype="text/html">&lt;p&gt;Viable&lt;/p&gt;</mattext></material></flow_mat></response_label></flow_label><flow_label class="Block"><response_label ident="QUES_12305_17229_A67165"><flow_mat><material><mattext texttype="text/html">&lt;p&gt;Desirable&lt;/p&gt;</mattext></material></flow_mat></response_label></flow_label><flow_label class="Block"><response_label ident="QUES_12305_17229_A67166"><flow_mat><material><mattext texttype="text/html">&lt;p&gt;All of the above&lt;/p&gt;</mattext></material></flow_mat></response_label></flow_label></render_choice></response_lid></flow></presentation><resprocessing><respcondition title="Response Condition 1"><conditionvar><varequal respident="QUES_12305_17229_LID">QUES_12305_17229_A67163</varequal></conditionvar><setvar action="Set">0.000000000</setvar><displayfeedback feedbacktype="Response" linkrefid="QUES_12305_17229_IF67163" /></respcondition><respcondition title="Response Condition 2"><conditionvar><varequal respident="QUES_12305_17229_LID">QUES_12305_17229_A67164</varequal></conditionvar><setvar action="Set">0.000000000</setvar><displayfeedback feedbacktype="Response" linkrefid="QUES_12305_17229_IF67164" /></respcondition><respcondition title="Response Condition 3"><conditionvar><varequal respident="QUES_12305_17229_LID">QUES_12305_17229_A67165</varequal></conditionvar><setvar action="Set">0.000000000</setvar><displayfeedback feedbacktype="Response" linkrefid="QUES_12305_17229_IF67165" /></respcondition><respcondition title="Response Condition 4"><conditionvar><varequal respident="QUES_12305_17229_LID">QUES_12305_17229_A67166</varequal></conditionvar><setvar action="Set">100.000000000</setvar><displayfeedback feedbacktype="Response" linkrefid="QUES_12305_17229_IF67166" /></respcondition></resprocessing><itemfeedback ident="QUES_12305_17229_IF67163"><material><mattext texttype="text/plain" /></material></itemfeedback><itemfeedback ident="QUES_12305_17229_IF67164"><material><mattext texttype="text/plain" /></material></itemfeedback><itemfeedback ident="QUES_12305_17229_IF67165"><material><mattext texttype="text/plain" /></material></itemfeedback><itemfeedback ident="QUES_12305_17229_IF67166"><material><mattext texttype="text/plain" /></material></itemfeedback></item><item ident="OBJ_41421" label="QUES_12306_17230" d2l_2p0:page="4"><itemmetadata><qtimetadata><qti_metadatafield><fieldlabel>qmd_computerscored</fieldlabel><fieldentry>yes</fieldentry></qti_metadatafield><qti_metadatafield><fieldlabel>qmd_questiontype</fieldlabel><fieldentry>Multi-Select</fieldentry></qti_metadatafield><qti_metadatafield><fieldlabel>qmd_weighting</fieldlabel><fieldentry>1.000000000</fieldentry></qti_metadatafield><qti_metadatafield><fieldlabel>qmd_globalid</fieldlabel><fieldentry>7e7d0d3c-0bcd-406b-9a8e-c6e3a12bc666</fieldentry></qti_metadatafield><qti_metadatafield><fieldlabel>qmd_displayid</fieldlabel><fieldentry>SB-Digital_Academy2-15</fieldentry></qti_metadatafield></qtimetadata></itemmetadata><itemproc_extension><d2l_2p0:difficulty>1</d2l_2p0:difficulty><d2l_2p0:isbonus>no</d2l_2p0:isbonus><d2l_2p0:ismandatory>no</d2l_2p0:ismandatory></itemproc_extension><presentation><flow><material><mattext texttype="text/html">&lt;p&gt;Which statement is true about the mission model canvas? (select all that apply)&lt;/p&gt;</mattext></material><response_extension><d2l_2p0:display_style>2</d2l_2p0:display_style><d2l_2p0:enumeration>6</d2l_2p0:enumeration><d2l_2p0:grading_type>0</d2l_2p0:grading_type></response_extension><response_lid ident="QUES_12306_17230_LID" rcardinality="Multiple"><render_choice shuffle="no"><flow_label class="Block"><response_label ident="QUES_12306_17230_A67167"><flow_mat><material><mattext texttype="text/html">&lt;p&gt;It is user-centric&lt;/p&gt;</mattext></material></flow_mat></response_label></flow_label><flow_label class="Block"><response_label ident="QUES_12306_17230_A67168"><flow_mat><material><mattext texttype="text/html">&lt;p&gt;Focused on the mission achievement&lt;/p&gt;</mattext></material></flow_mat></response_label></flow_label><flow_label class="Block"><response_label ident="QUES_12306_17230_A67169"><flow_mat><material><mattext texttype="text/html">&lt;p&gt;Creates insights for desirability, feasibility, viability criteria&lt;/p&gt;</mattext></material></flow_mat></response_label></flow_label><flow_label class="Block"><response_label ident="QUES_12306_17230_A67170"><flow_mat><material><mattext texttype="text/html">&lt;p&gt;All of the above&lt;/p&gt;</mattext></material></flow_mat></response_label></flow_label></render_choice></response_lid></flow></presentation><resprocessing><outcomes><decvar vartype="Integer" defaultval="0" /></outcomes><respcondition title="Scoring for the correct answers" continue="yes"><conditionvar><varequal respident="QUES_12306_17230_LID">QUES_12306_17230_A67168</varequal><varequal respident="QUES_12306_17230_LID">QUES_12306_17230_A67169</varequal><not><varequal respident="QUES_12306_17230_LID">QUES_12306_17230_A67167</varequal><varequal respident="QUES_12306_17230_LID">QUES_12306_17230_A67170</varequal></not></conditionvar><setvar action="Add">1</setvar></respcondition><respcondition title="Scoring for the incorrect answers" continue="no"><conditionvar><and><not><varequal respident="QUES_12306_17230_LID">QUES_12306_17230_A67168</varequal><varequal respident="QUES_12306_17230_LID">QUES_12306_17230_A67169</varequal><not><varequal respident="QUES_12306_17230_LID">QUES_12306_17230_A67167</varequal><varequal respident="QUES_12306_17230_LID">QUES_12306_17230_A67170</varequal></not></not></and></conditionvar><setvar action="Add">0</setvar></respcondition></resprocessing><itemfeedback ident="QUES_12306_17230_IF67167"><material><mattext texttype="text/plain" /></material></itemfeedback><itemfeedback ident="QUES_12306_17230_IF67168"><material><mattext texttype="text/plain" /></material></itemfeedback><itemfeedback ident="QUES_12306_17230_IF67169"><material><mattext texttype="text/plain" /></material></itemfeedback><itemfeedback ident="QUES_12306_17230_IF67170"><material><mattext texttype="text/plain" /></material></itemfeedback></item><item ident="OBJ_41422" label="QUES_12307_17231" d2l_2p0:page="4"><itemmetadata><qtimetadata><qti_metadatafield><fieldlabel>qmd_computerscored</fieldlabel><fieldentry>yes</fieldentry></qti_metadatafield><qti_metadatafield><fieldlabel>qmd_questiontype</fieldlabel><fieldentry>Multiple Choice</fieldentry></qti_metadatafield><qti_metadatafield><fieldlabel>qmd_weighting</fieldlabel><fieldentry>1.000000000</fieldentry></qti_metadatafield><qti_metadatafield><fieldlabel>qmd_globalid</fieldlabel><fieldentry>fd2243a4-a62d-47f7-a7c1-97204d7d95ca</fieldentry></qti_metadatafield><qti_metadatafield><fieldlabel>qmd_displayid</fieldlabel><fieldentry>SB-Digital_Academy2-16</fieldentry></qti_metadatafield></qtimetadata></itemmetadata><itemproc_extension><d2l_2p0:difficulty>1</d2l_2p0:difficulty><d2l_2p0:isbonus>no</d2l_2p0:isbonus><d2l_2p0:ismandatory>no</d2l_2p0:ismandatory></itemproc_extension><presentation><flow><material><mattext texttype="text/html">&lt;p&gt;Which tool will help you the most as you try to assess the feasibility, desirability, and viability of your planned solution for individuals filing personal income tax returns?&lt;/p&gt;</mattext></material><response_extension><d2l_2p0:display_style>2</d2l_2p0:display_style><d2l_2p0:enumeration>6</d2l_2p0:enumeration><d2l_2p0:grading_type>0</d2l_2p0:grading_type></response_extension><response_lid ident="QUES_12307_17231_LID" rcardinality="Single"><render_choice shuffle="yes"><flow_label class="Block"><response_label ident="QUES_12307_17231_A67171"><flow_mat><material><mattext texttype="text/html">&lt;p&gt;Mission Model Canvas&lt;/p&gt;</mattext></material></flow_mat></response_label></flow_label><flow_label class="Block"><response_label ident="QUES_12307_17231_A67172"><flow_mat><material><mattext texttype="text/html">&lt;p&gt;Journey Map&lt;/p&gt;</mattext></material></flow_mat></response_label></flow_label><flow_label class="Block"><response_label ident="QUES_12307_17231_A67173"><flow_mat><material><mattext texttype="text/html">&lt;p&gt;Point of view problem statements&lt;/p&gt;</mattext></material></flow_mat></response_label></flow_label><flow_label class="Block"><response_label ident="QUES_12307_17231_A67174"><flow_mat><material><mattext texttype="text/html">&lt;p&gt;Cause and effect analysis&lt;/p&gt;</mattext></material></flow_mat></response_label></flow_label></render_choice></response_lid></flow></presentation><resprocessing><respcondition title="Response Condition 1"><conditionvar><varequal respident="QUES_12307_17231_LID">QUES_12307_17231_A67171</varequal></conditionvar><setvar action="Set">100.000000000</setvar><displayfeedback feedbacktype="Response" linkrefid="QUES_12307_17231_IF67171" /></respcondition><respcondition title="Response Condition 2"><conditionvar><varequal respident="QUES_12307_17231_LID">QUES_12307_17231_A67172</varequal></conditionvar><setvar action="Set">0.000000000</setvar><displayfeedback feedbacktype="Response" linkrefid="QUES_12307_17231_IF67172" /></respcondition><respcondition title="Response Condition 3"><conditionvar><varequal respident="QUES_12307_17231_LID">QUES_12307_17231_A67173</varequal></conditionvar><setvar action="Set">0.000000000</setvar><displayfeedback feedbacktype="Response" linkrefid="QUES_12307_17231_IF67173" /></respcondition><respcondition title="Response Condition 4"><conditionvar><varequal respident="QUES_12307_17231_LID">QUES_12307_17231_A67174</varequal></conditionvar><setvar action="Set">0.000000000</setvar><displayfeedback feedbacktype="Response" linkrefid="QUES_12307_17231_IF67174" /></respcondition></resprocessing><itemfeedback ident="QUES_12307_17231_IF67171"><material><mattext texttype="text/plain" /></material></itemfeedback><itemfeedback ident="QUES_12307_17231_IF67172"><material><mattext texttype="text/plain" /></material></itemfeedback><itemfeedback ident="QUES_12307_17231_IF67173"><material><mattext texttype="text/plain" /></material></itemfeedback><itemfeedback ident="QUES_12307_17231_IF67174"><material><mattext texttype="text/plain" /></material></itemfeedback></item><item ident="OBJ_41423" label="QUES_12308_17232" d2l_2p0:page="5"><itemmetadata><qtimetadata><qti_metadatafield><fieldlabel>qmd_computerscored</fieldlabel><fieldentry>yes</fieldentry></qti_metadatafield><qti_metadatafield><fieldlabel>qmd_questiontype</fieldlabel><fieldentry>Multiple Choice</fieldentry></qti_metadatafield><qti_metadatafield><fieldlabel>qmd_weighting</fieldlabel><fieldentry>1.000000000</fieldentry></qti_metadatafield><qti_metadatafield><fieldlabel>qmd_globalid</fieldlabel><fieldentry>4f2b190f-9ecc-460b-a924-bc5f3810cfd9</fieldentry></qti_metadatafield><qti_metadatafield><fieldlabel>qmd_displayid</fieldlabel><fieldentry>SB-Digital_Academy2-17</fieldentry></qti_metadatafield></qtimetadata></itemmetadata><itemproc_extension><d2l_2p0:difficulty>1</d2l_2p0:difficulty><d2l_2p0:isbonus>no</d2l_2p0:isbonus><d2l_2p0:ismandatory>no</d2l_2p0:ismandatory></itemproc_extension><presentation><flow><material><mattext texttype="text/html">&lt;p&gt;The DFO team identifies Fish and Fish Habitat Protection Program practitioners as a high influence, high interest stakeholder. What would be the best way to approach working with them?&lt;/p&gt;</mattext></material><response_extension><d2l_2p0:display_style>2</d2l_2p0:display_style><d2l_2p0:enumeration>6</d2l_2p0:enumeration><d2l_2p0:grading_type>0</d2l_2p0:grading_type></response_extension><response_lid ident="QUES_12308_17232_LID" rcardinality="Single"><render_choice shuffle="yes"><flow_label class="Block"><response_label ident="QUES_12308_17232_A67175"><flow_mat><material><mattext texttype="text/html">&lt;p&gt;Manage them closely, and fully engage them&lt;/p&gt;</mattext></material></flow_mat></response_label></flow_label><flow_label class="Block"><response_label ident="QUES_12308_17232_A67176"><flow_mat><material><mattext texttype="text/html">&lt;p&gt;Put in enough effort to keep them satisfied&lt;/p&gt;</mattext></material></flow_mat></response_label></flow_label><flow_label class="Block"><response_label ident="QUES_12308_17232_A67177"><flow_mat><material><mattext texttype="text/html">&lt;p&gt;Keep them adequately informed&lt;/p&gt;</mattext></material></flow_mat></response_label></flow_label><flow_label class="Block"><response_label ident="QUES_12308_17232_A67178"><flow_mat><material><mattext texttype="text/html">&lt;p&gt;Monitor them but don&amp;#39;t bother them&lt;/p&gt;</mattext></material></flow_mat></response_label></flow_label></render_choice></response_lid></flow></presentation><resprocessing><respcondition title="Response Condition 1"><conditionvar><varequal respident="QUES_12308_17232_LID">QUES_12308_17232_A67175</varequal></conditionvar><setvar action="Set">100.000000000</setvar><displayfeedback feedbacktype="Response" linkrefid="QUES_12308_17232_IF67175" /></respcondition><respcondition title="Response Condition 2"><conditionvar><varequal respident="QUES_12308_17232_LID">QUES_12308_17232_A67176</varequal></conditionvar><setvar action="Set">0.000000000</setvar><displayfeedback feedbacktype="Response" linkrefid="QUES_12308_17232_IF67176" /></respcondition><respcondition title="Response Condition 3"><conditionvar><varequal respident="QUES_12308_17232_LID">QUES_12308_17232_A67177</varequal></conditionvar><setvar action="Set">0.000000000</setvar><displayfeedback feedbacktype="Response" linkrefid="QUES_12308_17232_IF67177" /></respcondition><respcondition title="Response Condition 4"><conditionvar><varequal respident="QUES_12308_17232_LID">QUES_12308_17232_A67178</varequal></conditionvar><setvar action="Set">0.000000000</setvar><displayfeedback feedbacktype="Response" linkrefid="QUES_12308_17232_IF67178" /></respcondition></resprocessing><itemfeedback ident="QUES_12308_17232_IF67175"><material><mattext texttype="text/plain" /></material></itemfeedback><itemfeedback ident="QUES_12308_17232_IF67176"><material><mattext texttype="text/plain" /></material></itemfeedback><itemfeedback ident="QUES_12308_17232_IF67177"><material><mattext texttype="text/plain" /></material></itemfeedback><itemfeedback ident="QUES_12308_17232_IF67178"><material><mattext texttype="text/plain" /></material></itemfeedback></item><item ident="OBJ_41424" label="QUES_12309_17233" d2l_2p0:page="5"><itemmetadata><qtimetadata><qti_metadatafield><fieldlabel>qmd_computerscored</fieldlabel><fieldentry>yes</fieldentry></qti_metadatafield><qti_metadatafield><fieldlabel>qmd_questiontype</fieldlabel><fieldentry>Multiple Choice</fieldentry></qti_metadatafield><qti_metadatafield><fieldlabel>qmd_weighting</fieldlabel><fieldentry>1.000000000</fieldentry></qti_metadatafield><qti_metadatafield><fieldlabel>qmd_globalid</fieldlabel><fieldentry>80e94a4a-55f7-41ee-9b05-bfe83527f5e8</fieldentry></qti_metadatafield><qti_metadatafield><fieldlabel>qmd_displayid</fieldlabel><fieldentry>SB-Digital_Academy2-18</fieldentry></qti_metadatafield></qtimetadata></itemmetadata><itemproc_extension><d2l_2p0:difficulty>1</d2l_2p0:difficulty><d2l_2p0:isbonus>no</d2l_2p0:isbonus><d2l_2p0:ismandatory>no</d2l_2p0:ismandatory></itemproc_extension><presentation><flow><material><mattext texttype="text/html">&lt;p&gt;A stakeholder map is a visual representation of the various individuals and groups involved with a system. Stakeholder mapping has many purposes. Which of the following statements is not one of the various purposes of a stakeholder map?&lt;/p&gt;</mattext></material><response_extension><d2l_2p0:display_style>2</d2l_2p0:display_style><d2l_2p0:enumeration>6</d2l_2p0:enumeration><d2l_2p0:grading_type>0</d2l_2p0:grading_type></response_extension><response_lid ident="QUES_12309_17233_LID" rcardinality="Single"><render_choice shuffle="yes"><flow_label class="Block"><response_label ident="QUES_12309_17233_A67179"><flow_mat><material><mattext texttype="text/html">&lt;p&gt;Identify the full extent of the stakeholders in the system&lt;/p&gt;</mattext></material></flow_mat></response_label></flow_label><flow_label class="Block"><response_label ident="QUES_12309_17233_A67180"><flow_mat><material><mattext texttype="text/html">&lt;p&gt;Uncover the business constraints of the respective stakeholders&lt;/p&gt;</mattext></material></flow_mat></response_label></flow_label><flow_label class="Block"><response_label ident="QUES_12309_17233_A67181"><flow_mat><material><mattext texttype="text/html">&lt;p&gt;Identify the core parties you want to collaborate with throughout the rest of the design process.&lt;/p&gt;</mattext></material></flow_mat></response_label></flow_label><flow_label class="Block"><response_label ident="QUES_12309_17233_A67182"><flow_mat><material><mattext texttype="text/html">&lt;p&gt;Understand where the power and influence might come from regarding design decisions.&lt;/p&gt;</mattext></material></flow_mat></response_label></flow_label><flow_label class="Block"><response_label ident="QUES_12309_17233_A67183"><flow_mat><material><mattext texttype="text/html">&lt;p&gt;Learn more about the perspective of stakeholders and how they are related to the system.&lt;/p&gt;</mattext></material></flow_mat></response_label></flow_label></render_choice></response_lid></flow></presentation><resprocessing><respcondition title="Response Condition 1"><conditionvar><varequal respident="QUES_12309_17233_LID">QUES_12309_17233_A67179</varequal></conditionvar><setvar action="Set">0.000000000</setvar><displayfeedback feedbacktype="Response" linkrefid="QUES_12309_17233_IF67179" /></respcondition><respcondition title="Response Condition 2"><conditionvar><varequal respident="QUES_12309_17233_LID">QUES_12309_17233_A67180</varequal></conditionvar><setvar action="Set">100.000000000</setvar><displayfeedback feedbacktype="Response" linkrefid="QUES_12309_17233_IF67180" /></respcondition><respcondition title="Response Condition 3"><conditionvar><varequal respident="QUES_12309_17233_LID">QUES_12309_17233_A67181</varequal></conditionvar><setvar action="Set">0.000000000</setvar><displayfeedback feedbacktype="Response" linkrefid="QUES_12309_17233_IF67181" /></respcondition><respcondition title="Response Condition 4"><conditionvar><varequal respident="QUES_12309_17233_LID">QUES_12309_17233_A67182</varequal></conditionvar><setvar action="Set">0.000000000</setvar><displayfeedback feedbacktype="Response" linkrefid="QUES_12309_17233_IF67182" /></respcondition><respcondition title="Response Condition 5"><conditionvar><varequal respident="QUES_12309_17233_LID">QUES_12309_17233_A67183</varequal></conditionvar><setvar action="Set">0.000000000</setvar><displayfeedback feedbacktype="Response" linkrefid="QUES_12309_17233_IF67183" /></respcondition></resprocessing><itemfeedback ident="QUES_12309_17233_IF67179"><material><mattext texttype="text/plain" /></material></itemfeedback><itemfeedback ident="QUES_12309_17233_IF67180"><material><mattext texttype="text/plain" /></material></itemfeedback><itemfeedback ident="QUES_12309_17233_IF67181"><material><mattext texttype="text/plain" /></material></itemfeedback><itemfeedback ident="QUES_12309_17233_IF67182"><material><mattext texttype="text/plain" /></material></itemfeedback><itemfeedback ident="QUES_12309_17233_IF67183"><material><mattext texttype="text/plain" /></material></itemfeedback></item><item ident="OBJ_41425" label="QUES_12310_17234" d2l_2p0:page="5"><itemmetadata><qtimetadata><qti_metadatafield><fieldlabel>qmd_computerscored</fieldlabel><fieldentry>yes</fieldentry></qti_metadatafield><qti_metadatafield><fieldlabel>qmd_questiontype</fieldlabel><fieldentry>Multiple Choice</fieldentry></qti_metadatafield><qti_metadatafield><fieldlabel>qmd_weighting</fieldlabel><fieldentry>1.000000000</fieldentry></qti_metadatafield><qti_metadatafield><fieldlabel>qmd_globalid</fieldlabel><fieldentry>3d4b69d8-c0ea-413d-b53c-932d13ec3602</fieldentry></qti_metadatafield><qti_metadatafield><fieldlabel>qmd_displayid</fieldlabel><fieldentry>SB-Digital_Academy2-19</fieldentry></qti_metadatafield></qtimetadata></itemmetadata><itemproc_extension><d2l_2p0:difficulty>1</d2l_2p0:difficulty><d2l_2p0:isbonus>no</d2l_2p0:isbonus><d2l_2p0:ismandatory>no</d2l_2p0:ismandatory></itemproc_extension><presentation><flow><material><mattext texttype="text/html">&lt;p&gt;After determining who the stakeholders are, the next step is to prioritize them using an influence versus interest chart. How should you prioritize a stakeholder that falls under the &amp;quot;keep satisfied&amp;quot; quadrant/section?&lt;/p&gt;</mattext></material><response_extension><d2l_2p0:display_style>2</d2l_2p0:display_style><d2l_2p0:enumeration>6</d2l_2p0:enumeration><d2l_2p0:grading_type>0</d2l_2p0:grading_type></response_extension><response_lid ident="QUES_12310_17234_LID" rcardinality="Single"><render_choice shuffle="yes"><flow_label class="Block"><response_label ident="QUES_12310_17234_A67184"><flow_mat><material><mattext texttype="text/html">&lt;p&gt;Stakeholders in this section are the least influential as well as the least interested. Keep an eye on these stakeholders but do not bother them with excessive communication; it&amp;#39;s a waste of your time and theirs.&lt;/p&gt;</mattext></material></flow_mat></response_label></flow_label><flow_label class="Block"><response_label ident="QUES_12310_17234_A67185"><flow_mat><material><mattext texttype="text/html">&lt;p&gt;You should aim to fully engage with these highly influential, highly interested stakeholders, and make the greatest efforts to satisfy them during the design process.&lt;/p&gt;</mattext></material></flow_mat></response_label></flow_label><flow_label class="Block"><response_label ident="QUES_12310_17234_A67186"><flow_mat><material><mattext texttype="text/html">&lt;p&gt;This group of stakeholders are highly influential, yet less interested in your design project. You should put in enough effort that they remain satisfied yet take care not to overdo it&lt;/p&gt;</mattext></material></flow_mat></response_label></flow_label><flow_label class="Block"><response_label ident="QUES_12310_17234_A67187"><flow_mat><material><mattext texttype="text/html">&lt;p&gt;These stakeholders are highly interested but not very influential. These people have the potential to provide great advice during the design process and help you spot and overcome any issues, so make sure you keep them adequately informed of what&amp;#39;s going on.&lt;/p&gt;</mattext></material></flow_mat></response_label></flow_label></render_choice></response_lid></flow></presentation><resprocessing><respcondition title="Response Condition 1"><conditionvar><varequal respident="QUES_12310_17234_LID">QUES_12310_17234_A67184</varequal></conditionvar><setvar action="Set">0.000000000</setvar><displayfeedback feedbacktype="Response" linkrefid="QUES_12310_17234_IF67184" /></respcondition><respcondition title="Response Condition 2"><conditionvar><varequal respident="QUES_12310_17234_LID">QUES_12310_17234_A67185</varequal></conditionvar><setvar action="Set">0.000000000</setvar><displayfeedback feedbacktype="Response" linkrefid="QUES_12310_17234_IF67185" /></respcondition><respcondition title="Response Condition 3"><conditionvar><varequal respident="QUES_12310_17234_LID">QUES_12310_17234_A67186</varequal></conditionvar><setvar action="Set">100.000000000</setvar><displayfeedback feedbacktype="Response" linkrefid="QUES_12310_17234_IF67186" /></respcondition><respcondition title="Response Condition 4"><conditionvar><varequal respident="QUES_12310_17234_LID">QUES_12310_17234_A67187</varequal></conditionvar><setvar action="Set">0.000000000</setvar><displayfeedback feedbacktype="Response" linkrefid="QUES_12310_17234_IF67187" /></respcondition></resprocessing><itemfeedback ident="QUES_12310_17234_IF67184"><material><mattext texttype="text/plain" /></material></itemfeedback><itemfeedback ident="QUES_12310_17234_IF67185"><material><mattext texttype="text/plain" /></material></itemfeedback><itemfeedback ident="QUES_12310_17234_IF67186"><material><mattext texttype="text/plain" /></material></itemfeedback><itemfeedback ident="QUES_12310_17234_IF67187"><material><mattext texttype="text/plain" /></material></itemfeedback></item><item ident="OBJ_41426" label="QUES_12311_17235" d2l_2p0:page="5"><itemmetadata><qtimetadata><qti_metadatafield><fieldlabel>qmd_computerscored</fieldlabel><fieldentry>yes</fieldentry></qti_metadatafield><qti_metadatafield><fieldlabel>qmd_questiontype</fieldlabel><fieldentry>Multiple Choice</fieldentry></qti_metadatafield><qti_metadatafield><fieldlabel>qmd_weighting</fieldlabel><fieldentry>1.000000000</fieldentry></qti_metadatafield><qti_metadatafield><fieldlabel>qmd_globalid</fieldlabel><fieldentry>6791a696-7a9b-4e81-a645-807da724ccde</fieldentry></qti_metadatafield><qti_metadatafield><fieldlabel>qmd_displayid</fieldlabel><fieldentry>SB-Digital_Academy2-20</fieldentry></qti_metadatafield></qtimetadata></itemmetadata><itemproc_extension><d2l_2p0:difficulty>1</d2l_2p0:difficulty><d2l_2p0:isbonus>no</d2l_2p0:isbonus><d2l_2p0:ismandatory>no</d2l_2p0:ismandatory></itemproc_extension><presentation><flow><material><mattext texttype="text/html">&lt;p&gt;The value of writing point of view problem statements from different perspectives in a system is (select all that apply):&lt;/p&gt;</mattext></material><response_extension><d2l_2p0:display_style>2</d2l_2p0:display_style><d2l_2p0:enumeration>6</d2l_2p0:enumeration><d2l_2p0:grading_type>0</d2l_2p0:grading_type></response_extension><response_lid ident="QUES_12311_17235_LID" rcardinality="Single"><render_choice shuffle="yes"><flow_label class="Block"><response_label ident="QUES_12311_17235_A67188"><flow_mat><material><mattext texttype="text/html">&lt;p&gt;It outlines appropriate research methods&lt;/p&gt;</mattext></material></flow_mat></response_label></flow_label><flow_label class="Block"><response_label ident="QUES_12311_17235_A67189"><flow_mat><material><mattext texttype="text/html">&lt;p&gt;It offers a specific solution to the problem&lt;/p&gt;</mattext></material></flow_mat></response_label></flow_label><flow_label class="Block"><response_label ident="QUES_12311_17235_A67190"><flow_mat><material><mattext texttype="text/html">&lt;p&gt;It helps prioritize the stakeholders&lt;/p&gt;</mattext></material></flow_mat></response_label></flow_label><flow_label class="Block"><response_label ident="QUES_12311_17235_A67191"><flow_mat><material><mattext texttype="text/html">&lt;p&gt;It frames the problem from different stakeholders&amp;#39; perspective&lt;/p&gt;</mattext></material></flow_mat></response_label></flow_label></render_choice></response_lid></flow></presentation><resprocessing><respcondition title="Response Condition 1"><conditionvar><varequal respident="QUES_12311_17235_LID">QUES_12311_17235_A67188</varequal></conditionvar><setvar action="Set">0.000000000</setvar><displayfeedback feedbacktype="Response" linkrefid="QUES_12311_17235_IF67188" /></respcondition><respcondition title="Response Condition 2"><conditionvar><varequal respident="QUES_12311_17235_LID">QUES_12311_17235_A67189</varequal></conditionvar><setvar action="Set">0.000000000</setvar><displayfeedback feedbacktype="Response" linkrefid="QUES_12311_17235_IF67189" /></respcondition><respcondition title="Response Condition 3"><conditionvar><varequal respident="QUES_12311_17235_LID">QUES_12311_17235_A67190</varequal></conditionvar><setvar action="Set">0.000000000</setvar><displayfeedback feedbacktype="Response" linkrefid="QUES_12311_17235_IF67190" /></respcondition><respcondition title="Response Condition 4"><conditionvar><varequal respident="QUES_12311_17235_LID">QUES_12311_17235_A67191</varequal></conditionvar><setvar action="Set">100.000000000</setvar><displayfeedback feedbacktype="Response" linkrefid="QUES_12311_17235_IF67191" /></respcondition></resprocessing><itemfeedback ident="QUES_12311_17235_IF67188"><material><mattext texttype="text/plain" /></material></itemfeedback><itemfeedback ident="QUES_12311_17235_IF67189"><material><mattext texttype="text/plain" /></material></itemfeedback><itemfeedback ident="QUES_12311_17235_IF67190"><material><mattext texttype="text/plain" /></material></itemfeedback><itemfeedback ident="QUES_12311_17235_IF67191"><material><mattext texttype="text/plain" /></material></itemfeedback></item></section></assessment></questestinterop>