﻿<?xml version="1.0" encoding="UTF-8"?><questestinterop xmlns:d2l_2p0="http://desire2learn.com/xsd/d2lcp_v2p0"><assessment d2l_2p0:id="83" title="2.9 Journey map activity 1" ident="res_quiz_3445" d2l_2p0:resource_code="23116E12-04C0-4FA6-BDD4-3082E33A4375-30359"><rubric><flow_mat><material><mattext d2l_2p0:isdisplayed="no" texttype="text/html" /></material></flow_mat></rubric><assessmentcontrol hintswitch="no" solutionswitch="yes" feedbackswitch="no" /><presentation_material><flow_mat><material label="page header"><mattext d2l_2p0:isdisplayed="no" texttype="text/html" /></material><material label="page footer"><mattext d2l_2p0:isdisplayed="no" texttype="text/html" /></material></flow_mat></presentation_material><assess_procextension><d2l_2p0:intro_message d2l_2p0:isdisplayed="no" texttype="text/html" /><d2l_2p0:disable_right_click>no</d2l_2p0:disable_right_click><d2l_2p0:disable_pager_access>no</d2l_2p0:disable_pager_access><is_active>yes</is_active><d2l_2p0:date_start /><d2l_2p0:date_end /><d2l_2p0:date_due /><d2l_2p0:has_schedule_event>no</d2l_2p0:has_schedule_event><d2l_2p0:is_attempt_Rldb>no</d2l_2p0:is_attempt_Rldb><d2l_2p0:is_subview_Rldb>no</d2l_2p0:is_subview_Rldb><d2l_2p0:time_limit>0</d2l_2p0:time_limit><d2l_2p0:show_clock>no</d2l_2p0:show_clock><d2l_2p0:enforce_time_limit>no</d2l_2p0:enforce_time_limit><d2l_2p0:grace_period>5</d2l_2p0:grace_period><d2l_2p0:late_limit>0</d2l_2p0:late_limit><d2l_2p0:attempts_allowed>0</d2l_2p0:attempts_allowed><d2l_2p0:attempt_restrictions /><d2l_2p0:mark_calculation_type>1</d2l_2p0:mark_calculation_type><d2l_2p0:is_forward_only>no</d2l_2p0:is_forward_only></assess_procextension><assessfeedback title=""><rubric><flow_mat><material><mattext texttype="yes" /></material></flow_mat></rubric><d2l_2p0:duration>0</d2l_2p0:duration><d2l_2p0:response_display_type_id>2</d2l_2p0:response_display_type_id><d2l_2p0:show_correct_answers>yes</d2l_2p0:show_correct_answers><d2l_2p0:submission_restrictip>no</d2l_2p0:submission_restrictip><d2l_2p0:show_class_average>no</d2l_2p0:show_class_average><d2l_2p0:show_score_distribution>no</d2l_2p0:show_score_distribution></assessfeedback><section ident="CONTAINER_SECTION"><item ident="OBJ_41981" label="QUES_12481_17577" d2l_2p0:page="1" title="Ordering - Pain points"><itemmetadata><qtimetadata><qti_metadatafield><fieldlabel>qmd_computerscored</fieldlabel><fieldentry>yes</fieldentry></qti_metadatafield><qti_metadatafield><fieldlabel>qmd_questiontype</fieldlabel><fieldentry>Ordering</fieldentry></qti_metadatafield><qti_metadatafield><fieldlabel>qmd_weighting</fieldlabel><fieldentry>1.000000000</fieldentry></qti_metadatafield><qti_metadatafield><fieldlabel>qmd_globalid</fieldlabel><fieldentry>2ac021ec-c0c6-47f8-8179-650320ba6587</fieldentry></qti_metadatafield><qti_metadatafield><fieldlabel>qmd_displayid</fieldlabel><fieldentry>DDN237-DEV-EN-72</fieldentry></qti_metadatafield></qtimetadata></itemmetadata><itemproc_extension><d2l_2p0:difficulty>1</d2l_2p0:difficulty><d2l_2p0:isbonus>no</d2l_2p0:isbonus><d2l_2p0:ismandatory>no</d2l_2p0:ismandatory></itemproc_extension><presentation><flow><material><mattext texttype="text/html">&lt;p&gt;&lt;strong&gt;&lt;img src="DDN237_2.9_1100.jpg" alt="A line graph sits beneath the journey phases, user journey and user thoughts. This graph is a representation of the emotional curve of Dave's experience, from Happy to Frustrated. It tracks evenly thr" title="A line graph sits beneath the journey phases, user journey and user thoughts. This graph is a representation of the emotional curve of Dave's experience, from Happy to Frustrated. It tracks evenly thr" style="max-width: 100%;"/&gt;&lt;/strong&gt;&lt;/p&gt;
&lt;p&gt;&lt;strong&gt;Activity 1&lt;/strong&gt;: Identify Dave&amp;#39;s pain points to the corresponding point on his journey map by assigning the correct number. Use the Journey map as reference.&lt;/p&gt;</mattext><matimage d2l_2p0:is_hidden="true" uri="quizzing\DDN237_2.9v2.jpg">DDN237_2.9v2.jpg</matimage></material><response_extension><d2l_2p0:grading_type>1</d2l_2p0:grading_type></response_extension><response_grp respident="QUES_12481_17577_O" rcardinality="Ordered"><render_choice shuffle="yes"><flow_label class="Block"><response_label ident="QUES_12481_17577_O68492"><flow_mat><material><mattext texttype="text/html">&lt;p&gt;&lt;span lang="EN-US"&gt;&lt;span&gt;Dave doesn&amp;#39;t know what regulations and rules apply to his dock-building project.&lt;/span&gt;&lt;/span&gt;&lt;/p&gt;</mattext></material></flow_mat></response_label><response_label ident="QUES_12481_17577_O68493"><flow_mat><material><mattext texttype="text/html">&lt;p&gt;Dave&amp;#39;s dock-building project might need a regulatory review, according to the Projects Near Water website, but Dave doesn&amp;#39;t know for sure.&lt;/p&gt;</mattext></material></flow_mat></response_label><response_label ident="QUES_12481_17577_O68494"><flow_mat><material><mattext texttype="text/html">&lt;p&gt;Dave is confused about what form to fill out on the Projects Near Water website.&lt;/p&gt;</mattext></material></flow_mat></response_label><response_label ident="QUES_12481_17577_O68495"><flow_mat><material><mattext texttype="text/html">&lt;p&gt;Dave waits for a long time before getting an answer to his application.&lt;/p&gt;</mattext></material></flow_mat></response_label><response_label ident="QUES_12481_17577_O68496"><flow_mat><material><mattext texttype="text/html">&lt;p&gt;Dave&amp;#39;s waterfront is less appealing now that dead fish float around his dock.&lt;/p&gt;</mattext></material></flow_mat></response_label></flow_label></render_choice></response_grp></flow></presentation><resprocessing><outcomes><decvar vartype="Integer" defaultval="0" varname="D2L_Correct" minvalue="0" maxvalue="100" /><decvar vartype="Integer" defaultval="0" varname="D2L_Incorrect" minvalue="0" /><decvar vartype="Integer" defaultval="0" varname="que_score" minvalue="0" /></outcomes><respcondition title="Correct Condition"><conditionvar><varequal respident="QUES_12481_17577_O68492">1</varequal></conditionvar><setvar varname="D2L_Correct" action="Add">1</setvar></respcondition><respcondition title="Incorrect Condition"><conditionvar><not><varequal respident="QUES_12481_17577_O68492">1</varequal></not></conditionvar><setvar varname="D2L_Incorrect" action="Add">1</setvar></respcondition><respcondition title="Correct Condition"><conditionvar><varequal respident="QUES_12481_17577_O68493">2</varequal></conditionvar><setvar varname="D2L_Correct" action="Add">1</setvar></respcondition><respcondition title="Incorrect Condition"><conditionvar><not><varequal respident="QUES_12481_17577_O68493">2</varequal></not></conditionvar><setvar varname="D2L_Incorrect" action="Add">1</setvar></respcondition><respcondition title="Correct Condition"><conditionvar><varequal respident="QUES_12481_17577_O68494">3</varequal></conditionvar><setvar varname="D2L_Correct" action="Add">1</setvar></respcondition><respcondition title="Incorrect Condition"><conditionvar><not><varequal respident="QUES_12481_17577_O68494">3</varequal></not></conditionvar><setvar varname="D2L_Incorrect" action="Add">1</setvar></respcondition><respcondition title="Correct Condition"><conditionvar><varequal respident="QUES_12481_17577_O68495">4</varequal></conditionvar><setvar varname="D2L_Correct" action="Add">1</setvar></respcondition><respcondition title="Incorrect Condition"><conditionvar><not><varequal respident="QUES_12481_17577_O68495">4</varequal></not></conditionvar><setvar varname="D2L_Incorrect" action="Add">1</setvar></respcondition><respcondition title="Correct Condition"><conditionvar><varequal respident="QUES_12481_17577_O68496">5</varequal></conditionvar><setvar varname="D2L_Correct" action="Add">1</setvar></respcondition><respcondition title="Incorrect Condition"><conditionvar><not><varequal respident="QUES_12481_17577_O68496">5</varequal></not></conditionvar><setvar varname="D2L_Incorrect" action="Add">1</setvar></respcondition><respcondition><conditionvar><vargte respident="D2L_Incorrect">0</vargte></conditionvar><setvar varname="que_score" action="Set">0</setvar></respcondition><respcondition><conditionvar><varequal respident="D2L_Incorrect">0</varequal></conditionvar><setvar varname="que_score" action="Set">1</setvar></respcondition></resprocessing><itemfeedback ident="QUES_12481_17577_IF68492"><material><mattext texttype="text/html" /></material></itemfeedback><itemfeedback ident="QUES_12481_17577_IF68493"><material><mattext texttype="text/html" /></material></itemfeedback><itemfeedback ident="QUES_12481_17577_IF68494"><material><mattext texttype="text/html" /></material></itemfeedback><itemfeedback ident="QUES_12481_17577_IF68495"><material><mattext texttype="text/html" /></material></itemfeedback><itemfeedback ident="QUES_12481_17577_IF68496"><material><mattext texttype="text/html" /></material></itemfeedback></item></section></assessment></questestinterop>