﻿<rubrics schemaversion="v2011"><rubric id="1" resource_code="23116E12-04C0-4FA6-BDD4-3082E33A4375-28626" name="POV problem statement grading rubric" type="1" scoring_method="2" display_levels_in_des_order="True" state="0" visibility="0" uses_overall_score="True" has_manual_alignment="False" score_visible_to_assessed_users="True" enabled_feedback_copy="False" usage_restrictions=""><description text_type="text/html"><text /></description><criteria_groups><criteria_group name="Criteria" sort_order="1"><level_set><levels><level name="Weak (1)" sort_order="4" level_value="1.000000000" level_id="219" /><level name="Satisfactory (2)" sort_order="3" level_value="2.000000000" level_id="220" /><level name="Strong (3)" sort_order="2" level_value="3.000000000" level_id="221" /></levels></level_set><criteria><criterion name="Structure" sort_order="1"><cells><cell level_id="219" cell_value=""><description text_type="text/html"><text>&lt;p&gt;Mostly incorrect structure&lt;/p&gt;</text></description><feedback text_type="text/html"><text /></feedback></cell><cell level_id="220" cell_value=""><description text_type="text/html"><text>&lt;p&gt;Mostly correct structure&lt;/p&gt;</text></description><feedback text_type="text/html"><text /></feedback></cell><cell level_id="221" cell_value=""><description text_type="text/html"><text>&lt;p&gt;Correct structure&lt;/p&gt;</text></description><feedback text_type="text/html"><text /></feedback></cell></cells></criterion><criterion name="Inference of&#xD;&#xA;&#xD;&#xA;motivations&#xD;&#xA;&#xD;&#xA;“I am trying&#xD;&#xA;&#xD;&#xA;to...”" sort_order="2"><cells><cell level_id="219" cell_value=""><description text_type="text/html"><text>&lt;p&gt;Infers mostly inaccurate motivations&lt;/p&gt;</text></description><feedback text_type="text/html"><text /></feedback></cell><cell level_id="220" cell_value=""><description text_type="text/html"><text>&lt;p&gt;Infers some accurate motivations&lt;/p&gt;</text></description><feedback text_type="text/html"><text /></feedback></cell><cell level_id="221" cell_value=""><description text_type="text/html"><text>&lt;p&gt;Infers mostly accurate motivations&lt;/p&gt;</text></description><feedback text_type="text/html"><text /></feedback></cell></cells></criterion><criterion name="Inference of&#xD;&#xA;&#xD;&#xA;obstacles&#xD;&#xA;&#xD;&#xA;“But...”,&#xD;&#xA;&#xD;&#xA;“Because...”" sort_order="3"><cells><cell level_id="219" cell_value=""><description text_type="text/html"><text>&lt;p&gt;Infers mostly inaccurate obstacles&lt;/p&gt;</text></description><feedback text_type="text/html"><text /></feedback></cell><cell level_id="220" cell_value=""><description text_type="text/html"><text>&lt;p&gt;Infers some accurate obstacles&lt;/p&gt;</text></description><feedback text_type="text/html"><text /></feedback></cell><cell level_id="221" cell_value=""><description text_type="text/html"><text>&lt;p&gt;Infers mostly accurate obstacles&lt;/p&gt;</text></description><feedback text_type="text/html"><text /></feedback></cell></cells></criterion><criterion name="Inference of&#xD;&#xA;&#xD;&#xA;emotions&#xD;&#xA;&#xD;&#xA;“Which makes&#xD;&#xA;&#xD;&#xA;me feel...”" sort_order="13"><cells><cell level_id="219" cell_value=""><description text_type="text/html"><text>&lt;p&gt;Infers mostly inaccurate emotions&lt;/p&gt;</text></description><feedback text_type="text/html"><text /></feedback></cell><cell level_id="220" cell_value=""><description text_type="text/html"><text>&lt;p&gt;Infers some accurate emotions&lt;/p&gt;</text></description><feedback text_type="text/html"><text /></feedback></cell><cell level_id="221" cell_value=""><description text_type="text/html"><text>&lt;p&gt;Infers mostly accurate emotions&lt;/p&gt;</text></description><feedback text_type="text/html"><text /></feedback></cell></cells></criterion></criteria></criteria_group></criteria_groups><overall_level_set><overall_levels><overall_level name="Level 1" sort_order="4" range_start_value="0.000000000"><description text_type="text"><text /></description><feedback text_type="text"><text /></feedback></overall_level><overall_level name="Level 2" sort_order="3" range_start_value="5.000000000"><description text_type="text"><text /></description><feedback text_type="text"><text /></feedback></overall_level><overall_level name="Level 3" sort_order="2" range_start_value="8.000000000"><description text_type="text"><text /></description><feedback text_type="text"><text /></feedback></overall_level><overall_level name="Level 4" sort_order="1" range_start_value="11.000000000"><description text_type="text"><text /></description><feedback text_type="text"><text /></feedback></overall_level></overall_levels></overall_level_set></rubric><rubric id="2" resource_code="23116E12-04C0-4FA6-BDD4-3082E33A4375-26622" name="3.4 POV Activity" type="1" scoring_method="2" display_levels_in_des_order="True" state="0" visibility="0" uses_overall_score="True" has_manual_alignment="False" score_visible_to_assessed_users="True" enabled_feedback_copy="False" usage_restrictions="Competency"><description text_type="text/html"><text /></description><criteria_groups><criteria_group name="Criteria" sort_order="1"><level_set><levels><level name="Weak" sort_order="4" level_value="1.000000000" level_id="226" /><level name="Satisfactory" sort_order="3" level_value="2.000000000" level_id="227" /><level name="Strong" sort_order="2" level_value="3.000000000" level_id="228" /></levels></level_set><criteria><criterion name="Structure" sort_order="1"><cells><cell level_id="226" cell_value=""><description text_type="text/html"><text>&lt;p&gt;&lt;span xml:lang="EN-US" data-contrast="none"&gt;Mostly incorrect structure&lt;/span&gt;&lt;span data-ccp-props="{&amp;quot;201341983&amp;quot;:0,&amp;quot;335559740&amp;quot;:259}"&gt;&amp;nbsp;&lt;/span&gt;&lt;/p&gt;</text></description><feedback text_type="text/html"><text /></feedback></cell><cell level_id="227" cell_value=""><description text_type="text/html"><text>&lt;p&gt;&lt;span xml:lang="EN-US" data-contrast="none"&gt;Mostly correct structure&lt;/span&gt;&lt;span data-ccp-props="{&amp;quot;201341983&amp;quot;:0,&amp;quot;335559740&amp;quot;:259}"&gt;&amp;nbsp;&lt;/span&gt;&lt;/p&gt;</text></description><feedback text_type="text/html"><text /></feedback></cell><cell level_id="228" cell_value=""><description text_type="text/html"><text>&lt;p&gt;&lt;span xml:lang="EN-US" data-contrast="none"&gt;Correct structure&lt;/span&gt;&lt;span data-ccp-props="{&amp;quot;201341983&amp;quot;:0,&amp;quot;335559740&amp;quot;:259}"&gt;&amp;nbsp;&lt;/span&gt;&lt;/p&gt;</text></description><feedback text_type="text/html"><text /></feedback></cell></cells></criterion><criterion name="Inference of motivations &#xD;&#xA;&#xD;&#xA;“I am trying to...”" sort_order="2"><cells><cell level_id="226" cell_value=""><description text_type="text/html"><text>&lt;p&gt;&lt;span xml:lang="EN-US" data-contrast="none"&gt;Infers mostly inaccurate motivations&lt;/span&gt;&lt;span data-ccp-props="{&amp;quot;201341983&amp;quot;:0,&amp;quot;335559740&amp;quot;:259}"&gt;&amp;nbsp;&lt;/span&gt;&lt;/p&gt;</text></description><feedback text_type="text/html"><text /></feedback></cell><cell level_id="227" cell_value=""><description text_type="text/html"><text>&lt;p&gt;&lt;span xml:lang="EN-US" data-contrast="none"&gt;Infers some accurate motivations&lt;/span&gt;&lt;span data-ccp-props="{&amp;quot;201341983&amp;quot;:0,&amp;quot;335559740&amp;quot;:259}"&gt;&amp;nbsp;&lt;/span&gt;&lt;/p&gt;</text></description><feedback text_type="text/html"><text /></feedback></cell><cell level_id="228" cell_value=""><description text_type="text/html"><text>&lt;p&gt;&lt;span xml:lang="EN-US" data-contrast="none"&gt;Infers mostly accurate motivations&lt;/span&gt;&lt;span data-ccp-props="{&amp;quot;201341983&amp;quot;:0,&amp;quot;335559740&amp;quot;:259}"&gt;&amp;nbsp;&lt;/span&gt;&lt;/p&gt;</text></description><feedback text_type="text/html"><text /></feedback></cell></cells></criterion><criterion name="Inference of obstacles &#xD;&#xA;&#xD;&#xA;“But...”, “Because...”" sort_order="3"><cells><cell level_id="226" cell_value=""><description text_type="text/html"><text>&lt;p&gt;&lt;span xml:lang="EN-US" data-contrast="none"&gt;Infers mostly inaccurate obstacles&lt;/span&gt;&lt;span data-ccp-props="{&amp;quot;201341983&amp;quot;:0,&amp;quot;335559740&amp;quot;:259}"&gt;&amp;nbsp;&lt;/span&gt;&lt;/p&gt;</text></description><feedback text_type="text/html"><text /></feedback></cell><cell level_id="227" cell_value=""><description text_type="text/html"><text>&lt;p&gt;&lt;span xml:lang="EN-US" data-contrast="none"&gt;Infers some accurate obstacles&lt;/span&gt;&lt;span data-ccp-props="{&amp;quot;201341983&amp;quot;:0,&amp;quot;335559740&amp;quot;:259}"&gt;&amp;nbsp;&lt;/span&gt;&lt;/p&gt;</text></description><feedback text_type="text/html"><text /></feedback></cell><cell level_id="228" cell_value=""><description text_type="text/html"><text>&lt;p&gt;&lt;span xml:lang="EN-US" data-contrast="none"&gt;Infers mostly accurate obstacles&lt;/span&gt;&lt;span data-ccp-props="{&amp;quot;201341983&amp;quot;:0,&amp;quot;335559740&amp;quot;:259}"&gt;&amp;nbsp;&lt;/span&gt;&lt;/p&gt;</text></description><feedback text_type="text/html"><text /></feedback></cell></cells></criterion><criterion name="Inference of emotions &#xD;&#xA;&#xD;&#xA;“Which makes me feel...”" sort_order="13"><cells><cell level_id="226" cell_value=""><description text_type="text/html"><text>&lt;p&gt;&lt;span xml:lang="EN-US" data-contrast="none"&gt;Infers mostly inaccurate emotions&lt;/span&gt;&lt;span data-ccp-props="{&amp;quot;201341983&amp;quot;:0,&amp;quot;335559740&amp;quot;:259}"&gt;&amp;nbsp;&lt;/span&gt;&lt;/p&gt;</text></description><feedback text_type="text/html"><text /></feedback></cell><cell level_id="227" cell_value=""><description text_type="text/html"><text>&lt;p&gt;&lt;span xml:lang="EN-US" data-contrast="none"&gt;Infers some accurate emotions&lt;/span&gt;&lt;span data-ccp-props="{&amp;quot;201341983&amp;quot;:0,&amp;quot;335559740&amp;quot;:259}"&gt;&amp;nbsp;&lt;/span&gt;&lt;/p&gt;</text></description><feedback text_type="text/html"><text /></feedback></cell><cell level_id="228" cell_value=""><description text_type="text/html"><text>&lt;p&gt;&lt;span xml:lang="EN-US" data-contrast="none"&gt;Infers mostly accurate emotions&lt;/span&gt;&lt;span data-ccp-props="{&amp;quot;201341983&amp;quot;:0,&amp;quot;335559740&amp;quot;:259}"&gt;&amp;nbsp;&lt;/span&gt;&lt;/p&gt;</text></description><feedback text_type="text/html"><text /></feedback></cell></cells></criterion></criteria></criteria_group></criteria_groups><overall_level_set><overall_levels><overall_level name="Weak" sort_order="3" range_start_value="5.000000000"><description text_type="text"><text /></description><feedback text_type="text"><text /></feedback></overall_level><overall_level name="Satisfactory" sort_order="2" range_start_value="8.000000000"><description text_type="text"><text /></description><feedback text_type="text"><text /></feedback></overall_level><overall_level name="Strong" sort_order="1" range_start_value="11.000000000"><description text_type="text"><text /></description><feedback text_type="text"><text /></feedback></overall_level></overall_levels></overall_level_set></rubric></rubrics>