﻿<?xml version="1.0" encoding="UTF-8"?><questestinterop xmlns:d2l_2p0="http://desire2learn.com/xsd/d2lcp_v2p0"><assessment d2l_2p0:id="92" title="Survey for SMEs" ident="res_survey_3437" d2l_2p0:resource_code="23116E12-04C0-4FA6-BDD4-3082E33A4375-30325"><rubric><flow_mat><material><mattext d2l_2p0:isdisplayed="no" texttype="text/html" /></material></flow_mat></rubric><assessmentcontrol hintswitch="no" solutionswitch="no" feedbackswitch="no" /><presentation_material><flow_mat><material label="page footer"><mattext d2l_2p0:isdisplayed="no" texttype="text/html" /></material></flow_mat></presentation_material><assess_procextension><d2l_2p0:submission_message texttype="text/html" /><d2l_2p0:anonymous>yes</d2l_2p0:anonymous><d2l_2p0:instant_feedback>no</d2l_2p0:instant_feedback><is_active>yes</is_active><d2l_2p0:date_start /><d2l_2p0:date_end /><d2l_2p0:has_schedule_event>no</d2l_2p0:has_schedule_event><d2l_2p0:attempts_allowed>unlimited</d2l_2p0:attempts_allowed><d2l_2p0:is_forward_only>no</d2l_2p0:is_forward_only></assess_procextension><d2l_2p0:report title="Report for SMEs survey"><d2l_2p0:report_type>4</d2l_2p0:report_type><d2l_2p0:show_aggregate_data>yes</d2l_2p0:show_aggregate_data><d2l_2p0:show_textresponses>yes</d2l_2p0:show_textresponses><d2l_2p0:show_signed_comments>no</d2l_2p0:show_signed_comments><d2l_2p0:show_unsigned_comments>no</d2l_2p0:show_unsigned_comments><d2l_2p0:hide_user_info>no</d2l_2p0:hide_user_info><d2l_2p0:report_roles><d2l_2p0:role ident="105">Super Administrator - Super administrateur</d2l_2p0:role><d2l_2p0:role ident="106">Administrator - Administrateur</d2l_2p0:role><d2l_2p0:role ident="107">Designer - Concepteur</d2l_2p0:role><d2l_2p0:role ident="140">Designer Prototype - Concepteur Prototype</d2l_2p0:role><d2l_2p0:role ident="120">Super Data Users - Super utilisateurs de données</d2l_2p0:role></d2l_2p0:report_roles></d2l_2p0:report><section ident="CONTAINER_SECTION"><item ident="OBJ_41962" label="QUES_12462_17511" d2l_2p0:page="1"><itemmetadata><qtimetadata><qti_metadatafield><fieldlabel>qmd_computerscored</fieldlabel><fieldentry>yes</fieldentry></qti_metadatafield><qti_metadatafield><fieldlabel>qmd_questiontype</fieldlabel><fieldentry>Multiple Choice</fieldentry></qti_metadatafield><qti_metadatafield><fieldlabel>qmd_globalid</fieldlabel><fieldentry>c1bd67c6-ecb8-4ec5-94a1-b58a25bb2d9e</fieldentry></qti_metadatafield><qti_metadatafield><fieldlabel>qmd_displayid</fieldlabel><fieldentry>DDN237-DEV-EN-49</fieldentry></qti_metadatafield></qtimetadata></itemmetadata><itemproc_extension><d2l_2p0:difficulty>1</d2l_2p0:difficulty><d2l_2p0:isbonus>no</d2l_2p0:isbonus><d2l_2p0:ismandatory>no</d2l_2p0:ismandatory></itemproc_extension><presentation><flow><material><mattext texttype="text/html">&lt;p&gt;My experience with Design before the course&lt;/p&gt;</mattext></material><response_extension><d2l_2p0:display_style>2</d2l_2p0:display_style><d2l_2p0:enumeration>6</d2l_2p0:enumeration><d2l_2p0:grading_type>0</d2l_2p0:grading_type></response_extension><response_lid ident="QUES_12462_17511_LID" rcardinality="Single"><render_choice shuffle="no"><flow_label class="Block"><response_label ident="QUES_12462_17511_A68218"><flow_mat><material><mattext texttype="text/html">&lt;p&gt;Instructor of the topic&lt;/p&gt;</mattext></material></flow_mat></response_label></flow_label><flow_label class="Block"><response_label ident="QUES_12462_17511_A68219"><flow_mat><material><mattext texttype="text/html">&lt;p&gt;Practitioner of the topic&lt;/p&gt;</mattext></material></flow_mat></response_label></flow_label><flow_label class="Block"><response_label ident="QUES_12462_17511_A68220"><flow_mat><material><mattext texttype="text/html">&lt;p&gt;Very familiar with the topic&lt;/p&gt;</mattext></material></flow_mat></response_label></flow_label><flow_label class="Block"><response_label ident="QUES_12462_17511_A68221"><flow_mat><material><mattext texttype="text/html">&lt;p&gt;Some familiarity with the topic&lt;/p&gt;</mattext></material></flow_mat></response_label></flow_label><flow_label class="Block"><response_label ident="QUES_12462_17511_A68222"><flow_mat><material><mattext texttype="text/html">&lt;p&gt;Total newcomer to the topic&lt;/p&gt;</mattext></material></flow_mat></response_label></flow_label></render_choice></response_lid></flow></presentation><resprocessing><respcondition title="Response Condition 1"><conditionvar><varequal respident="QUES_12462_17511_LID">QUES_12462_17511_A68218</varequal></conditionvar><setvar action="Set">0.000000000</setvar><displayfeedback feedbacktype="Response" linkrefid="QUES_12462_17511_IF68218" /></respcondition><respcondition title="Response Condition 2"><conditionvar><varequal respident="QUES_12462_17511_LID">QUES_12462_17511_A68219</varequal></conditionvar><setvar action="Set">0.000000000</setvar><displayfeedback feedbacktype="Response" linkrefid="QUES_12462_17511_IF68219" /></respcondition><respcondition title="Response Condition 3"><conditionvar><varequal respident="QUES_12462_17511_LID">QUES_12462_17511_A68220</varequal></conditionvar><setvar action="Set">0.000000000</setvar><displayfeedback feedbacktype="Response" linkrefid="QUES_12462_17511_IF68220" /></respcondition><respcondition title="Response Condition 4"><conditionvar><varequal respident="QUES_12462_17511_LID">QUES_12462_17511_A68221</varequal></conditionvar><setvar action="Set">0.000000000</setvar><displayfeedback feedbacktype="Response" linkrefid="QUES_12462_17511_IF68221" /></respcondition><respcondition title="Response Condition 5"><conditionvar><varequal respident="QUES_12462_17511_LID">QUES_12462_17511_A68222</varequal></conditionvar><setvar action="Set">0.000000000</setvar><displayfeedback feedbacktype="Response" linkrefid="QUES_12462_17511_IF68222" /></respcondition></resprocessing><itemfeedback ident="QUES_12462_17511_IF68218"><material><mattext texttype="text/plain" /></material></itemfeedback><itemfeedback ident="QUES_12462_17511_IF68219"><material><mattext texttype="text/plain" /></material></itemfeedback><itemfeedback ident="QUES_12462_17511_IF68220"><material><mattext texttype="text/plain" /></material></itemfeedback><itemfeedback ident="QUES_12462_17511_IF68221"><material><mattext texttype="text/plain" /></material></itemfeedback><itemfeedback ident="QUES_12462_17511_IF68222"><material><mattext texttype="text/plain" /></material></itemfeedback></item><item ident="OBJ_41963" label="QUES_12463_17512" d2l_2p0:page="1"><itemmetadata><qtimetadata><qti_metadatafield><fieldlabel>qmd_computerscored</fieldlabel><fieldentry>yes</fieldentry></qti_metadatafield><qti_metadatafield><fieldlabel>qmd_questiontype</fieldlabel><fieldentry>Multiple Choice</fieldentry></qti_metadatafield><qti_metadatafield><fieldlabel>qmd_globalid</fieldlabel><fieldentry>80ba59d0-3cc6-4e6c-abfc-c0cdec9c2597</fieldentry></qti_metadatafield><qti_metadatafield><fieldlabel>qmd_displayid</fieldlabel><fieldentry>DDN237-DEV-EN-50</fieldentry></qti_metadatafield></qtimetadata></itemmetadata><itemproc_extension><d2l_2p0:difficulty>1</d2l_2p0:difficulty><d2l_2p0:isbonus>no</d2l_2p0:isbonus><d2l_2p0:ismandatory>no</d2l_2p0:ismandatory></itemproc_extension><presentation><flow><material><mattext texttype="text/html">&lt;p&gt;I have worked in the federal government for&lt;/p&gt;</mattext></material><response_extension><d2l_2p0:display_style>2</d2l_2p0:display_style><d2l_2p0:enumeration>6</d2l_2p0:enumeration><d2l_2p0:grading_type>0</d2l_2p0:grading_type></response_extension><response_lid ident="QUES_12463_17512_LID" rcardinality="Single"><render_choice shuffle="no"><flow_label class="Block"><response_label ident="QUES_12463_17512_A68223"><flow_mat><material><mattext texttype="text/html">&lt;p&gt;Less than one year&lt;/p&gt;</mattext></material></flow_mat></response_label></flow_label><flow_label class="Block"><response_label ident="QUES_12463_17512_A68224"><flow_mat><material><mattext texttype="text/html">&lt;p&gt;One to three years&lt;/p&gt;</mattext></material></flow_mat></response_label></flow_label><flow_label class="Block"><response_label ident="QUES_12463_17512_A68225"><flow_mat><material><mattext texttype="text/html">&lt;p&gt;Four to six years&lt;/p&gt;</mattext></material></flow_mat></response_label></flow_label><flow_label class="Block"><response_label ident="QUES_12463_17512_A68226"><flow_mat><material><mattext texttype="text/html">&lt;p&gt;Seven to nine years&lt;/p&gt;</mattext></material></flow_mat></response_label></flow_label><flow_label class="Block"><response_label ident="QUES_12463_17512_A68227"><flow_mat><material><mattext texttype="text/html">&lt;p&gt;10 years+&lt;/p&gt;</mattext></material></flow_mat></response_label></flow_label></render_choice></response_lid></flow></presentation><resprocessing><respcondition title="Response Condition 1"><conditionvar><varequal respident="QUES_12463_17512_LID">QUES_12463_17512_A68223</varequal></conditionvar><setvar action="Set">0.000000000</setvar><displayfeedback feedbacktype="Response" linkrefid="QUES_12463_17512_IF68223" /></respcondition><respcondition title="Response Condition 2"><conditionvar><varequal respident="QUES_12463_17512_LID">QUES_12463_17512_A68224</varequal></conditionvar><setvar action="Set">0.000000000</setvar><displayfeedback feedbacktype="Response" linkrefid="QUES_12463_17512_IF68224" /></respcondition><respcondition title="Response Condition 3"><conditionvar><varequal respident="QUES_12463_17512_LID">QUES_12463_17512_A68225</varequal></conditionvar><setvar action="Set">0.000000000</setvar><displayfeedback feedbacktype="Response" linkrefid="QUES_12463_17512_IF68225" /></respcondition><respcondition title="Response Condition 4"><conditionvar><varequal respident="QUES_12463_17512_LID">QUES_12463_17512_A68226</varequal></conditionvar><setvar action="Set">0.000000000</setvar><displayfeedback feedbacktype="Response" linkrefid="QUES_12463_17512_IF68226" /></respcondition><respcondition title="Response Condition 5"><conditionvar><varequal respident="QUES_12463_17512_LID">QUES_12463_17512_A68227</varequal></conditionvar><setvar action="Set">0.000000000</setvar><displayfeedback feedbacktype="Response" linkrefid="QUES_12463_17512_IF68227" /></respcondition></resprocessing><itemfeedback ident="QUES_12463_17512_IF68223"><material><mattext texttype="text/plain" /></material></itemfeedback><itemfeedback ident="QUES_12463_17512_IF68224"><material><mattext texttype="text/plain" /></material></itemfeedback><itemfeedback ident="QUES_12463_17512_IF68225"><material><mattext texttype="text/plain" /></material></itemfeedback><itemfeedback ident="QUES_12463_17512_IF68226"><material><mattext texttype="text/plain" /></material></itemfeedback><itemfeedback ident="QUES_12463_17512_IF68227"><material><mattext texttype="text/plain" /></material></itemfeedback></item><item ident="OBJ_41964" label="QUES_12464_17513" d2l_2p0:page="1"><itemmetadata><qtimetadata><qti_metadatafield><fieldlabel>qmd_computerscored</fieldlabel><fieldentry>yes</fieldentry></qti_metadatafield><qti_metadatafield><fieldlabel>qmd_questiontype</fieldlabel><fieldentry>Multiple Choice</fieldentry></qti_metadatafield><qti_metadatafield><fieldlabel>qmd_globalid</fieldlabel><fieldentry>a24d02d6-0b98-4709-a37d-3bca90ca8688</fieldentry></qti_metadatafield><qti_metadatafield><fieldlabel>qmd_displayid</fieldlabel><fieldentry>DDN237-DEV-EN-51</fieldentry></qti_metadatafield></qtimetadata></itemmetadata><itemproc_extension><d2l_2p0:difficulty>1</d2l_2p0:difficulty><d2l_2p0:isbonus>no</d2l_2p0:isbonus><d2l_2p0:ismandatory>no</d2l_2p0:ismandatory></itemproc_extension><presentation><flow><material><mattext texttype="text/html">&lt;p&gt;The course was logically organized. (1 of 2)&lt;/p&gt;</mattext></material><response_extension><d2l_2p0:display_style>2</d2l_2p0:display_style><d2l_2p0:enumeration>6</d2l_2p0:enumeration><d2l_2p0:grading_type>0</d2l_2p0:grading_type></response_extension><response_lid ident="QUES_12464_17513_LID" rcardinality="Single"><render_choice shuffle="no"><flow_label class="Block"><response_label ident="QUES_12464_17513_A68228"><flow_mat><material><mattext texttype="text/html">&lt;p&gt;Totally disagree&lt;/p&gt;</mattext></material></flow_mat></response_label></flow_label><flow_label class="Block"><response_label ident="QUES_12464_17513_A68229"><flow_mat><material><mattext texttype="text/html">&lt;p&gt;Somewhat disagree&lt;/p&gt;</mattext></material></flow_mat></response_label></flow_label><flow_label class="Block"><response_label ident="QUES_12464_17513_A68230"><flow_mat><material><mattext texttype="text/html">&lt;p&gt;Somewhat agree&lt;/p&gt;</mattext></material></flow_mat></response_label></flow_label><flow_label class="Block"><response_label ident="QUES_12464_17513_A68231"><flow_mat><material><mattext texttype="text/html">&lt;p&gt;Totally agree&lt;/p&gt;</mattext></material></flow_mat></response_label></flow_label></render_choice></response_lid></flow></presentation><resprocessing><respcondition title="Response Condition 1"><conditionvar><varequal respident="QUES_12464_17513_LID">QUES_12464_17513_A68228</varequal></conditionvar><setvar action="Set">0.000000000</setvar><displayfeedback feedbacktype="Response" linkrefid="QUES_12464_17513_IF68228" /></respcondition><respcondition title="Response Condition 2"><conditionvar><varequal respident="QUES_12464_17513_LID">QUES_12464_17513_A68229</varequal></conditionvar><setvar action="Set">0.000000000</setvar><displayfeedback feedbacktype="Response" linkrefid="QUES_12464_17513_IF68229" /></respcondition><respcondition title="Response Condition 3"><conditionvar><varequal respident="QUES_12464_17513_LID">QUES_12464_17513_A68230</varequal></conditionvar><setvar action="Set">0.000000000</setvar><displayfeedback feedbacktype="Response" linkrefid="QUES_12464_17513_IF68230" /></respcondition><respcondition title="Response Condition 4"><conditionvar><varequal respident="QUES_12464_17513_LID">QUES_12464_17513_A68231</varequal></conditionvar><setvar action="Set">0.000000000</setvar><displayfeedback feedbacktype="Response" linkrefid="QUES_12464_17513_IF68231" /></respcondition></resprocessing><itemfeedback ident="QUES_12464_17513_IF68228"><material><mattext texttype="text/plain" /></material></itemfeedback><itemfeedback ident="QUES_12464_17513_IF68229"><material><mattext texttype="text/plain" /></material></itemfeedback><itemfeedback ident="QUES_12464_17513_IF68230"><material><mattext texttype="text/plain" /></material></itemfeedback><itemfeedback ident="QUES_12464_17513_IF68231"><material><mattext texttype="text/plain" /></material></itemfeedback></item><item ident="OBJ_41965" label="QUES_12465_17514" d2l_2p0:page="1"><itemmetadata><qtimetadata><qti_metadatafield><fieldlabel>qmd_computerscored</fieldlabel><fieldentry>yes</fieldentry></qti_metadatafield><qti_metadatafield><fieldlabel>qmd_questiontype</fieldlabel><fieldentry>Long Answer</fieldentry></qti_metadatafield><qti_metadatafield><fieldlabel>qmd_globalid</fieldlabel><fieldentry>88d6aa97-d168-44a9-834b-352b44409fa7</fieldentry></qti_metadatafield><qti_metadatafield><fieldlabel>qmd_displayid</fieldlabel><fieldentry>DDN237-DEV-EN-52</fieldentry></qti_metadatafield></qtimetadata></itemmetadata><itemproc_extension><d2l_2p0:difficulty>1</d2l_2p0:difficulty><d2l_2p0:isbonus>no</d2l_2p0:isbonus><d2l_2p0:ismandatory>no</d2l_2p0:ismandatory></itemproc_extension><presentation><flow><material><mattext texttype="text/html">&lt;p&gt;The course was logically organized.&lt;/p&gt;
&lt;p&gt;Please comment on your answer. (2 of 2)&lt;/p&gt;</mattext></material><response_extension><d2l_2p0:has_signed_comments>no</d2l_2p0:has_signed_comments><d2l_2p0:has_htmleditor>no</d2l_2p0:has_htmleditor><d2l_2p0:has_fileupload>no</d2l_2p0:has_fileupload></response_extension><response_str ident="QUES_12465_17514_STR" rcardinality="Multiple"><render_fib rows="15" columns="100" prompt="Box" fibtype="String"><response_label ident="QUES_12465_17514_LA"><material><mattext texttype="text/plain" /></material></response_label></render_fib></response_str></flow></presentation></item><item ident="OBJ_41966" label="QUES_12466_17515" d2l_2p0:page="1"><itemmetadata><qtimetadata><qti_metadatafield><fieldlabel>qmd_computerscored</fieldlabel><fieldentry>yes</fieldentry></qti_metadatafield><qti_metadatafield><fieldlabel>qmd_questiontype</fieldlabel><fieldentry>Multiple Choice</fieldentry></qti_metadatafield><qti_metadatafield><fieldlabel>qmd_globalid</fieldlabel><fieldentry>b99bf610-7821-4b9f-acb2-e0a42c5f17bb</fieldentry></qti_metadatafield><qti_metadatafield><fieldlabel>qmd_displayid</fieldlabel><fieldentry>DDN237-DEV-EN-53</fieldentry></qti_metadatafield></qtimetadata></itemmetadata><itemproc_extension><d2l_2p0:difficulty>1</d2l_2p0:difficulty><d2l_2p0:isbonus>no</d2l_2p0:isbonus><d2l_2p0:ismandatory>no</d2l_2p0:ismandatory></itemproc_extension><presentation><flow><material><mattext texttype="text/html">&lt;p&gt;The content in this course will help learners to build better products and services. (1 of 2)&lt;/p&gt;</mattext></material><response_extension><d2l_2p0:display_style>2</d2l_2p0:display_style><d2l_2p0:enumeration>6</d2l_2p0:enumeration><d2l_2p0:grading_type>0</d2l_2p0:grading_type></response_extension><response_lid ident="QUES_12466_17515_LID" rcardinality="Single"><render_choice shuffle="no"><flow_label class="Block"><response_label ident="QUES_12466_17515_A68233"><flow_mat><material><mattext texttype="text/html">&lt;p&gt;Totally disagree&lt;/p&gt;</mattext></material></flow_mat></response_label></flow_label><flow_label class="Block"><response_label ident="QUES_12466_17515_A68234"><flow_mat><material><mattext texttype="text/html">&lt;p&gt;Somewhat disagree&lt;/p&gt;</mattext></material></flow_mat></response_label></flow_label><flow_label class="Block"><response_label ident="QUES_12466_17515_A68235"><flow_mat><material><mattext texttype="text/html">&lt;p&gt;Somewhat agree&lt;/p&gt;</mattext></material></flow_mat></response_label></flow_label><flow_label class="Block"><response_label ident="QUES_12466_17515_A68236"><flow_mat><material><mattext texttype="text/html">&lt;p&gt;Totally agree&lt;/p&gt;</mattext></material></flow_mat></response_label></flow_label></render_choice></response_lid></flow></presentation><resprocessing><respcondition title="Response Condition 1"><conditionvar><varequal respident="QUES_12466_17515_LID">QUES_12466_17515_A68233</varequal></conditionvar><setvar action="Set">0.000000000</setvar><displayfeedback feedbacktype="Response" linkrefid="QUES_12466_17515_IF68233" /></respcondition><respcondition title="Response Condition 2"><conditionvar><varequal respident="QUES_12466_17515_LID">QUES_12466_17515_A68234</varequal></conditionvar><setvar action="Set">0.000000000</setvar><displayfeedback feedbacktype="Response" linkrefid="QUES_12466_17515_IF68234" /></respcondition><respcondition title="Response Condition 3"><conditionvar><varequal respident="QUES_12466_17515_LID">QUES_12466_17515_A68235</varequal></conditionvar><setvar action="Set">0.000000000</setvar><displayfeedback feedbacktype="Response" linkrefid="QUES_12466_17515_IF68235" /></respcondition><respcondition title="Response Condition 4"><conditionvar><varequal respident="QUES_12466_17515_LID">QUES_12466_17515_A68236</varequal></conditionvar><setvar action="Set">0.000000000</setvar><displayfeedback feedbacktype="Response" linkrefid="QUES_12466_17515_IF68236" /></respcondition></resprocessing><itemfeedback ident="QUES_12466_17515_IF68233"><material><mattext texttype="text/plain" /></material></itemfeedback><itemfeedback ident="QUES_12466_17515_IF68234"><material><mattext texttype="text/plain" /></material></itemfeedback><itemfeedback ident="QUES_12466_17515_IF68235"><material><mattext texttype="text/plain" /></material></itemfeedback><itemfeedback ident="QUES_12466_17515_IF68236"><material><mattext texttype="text/plain" /></material></itemfeedback></item><item ident="OBJ_41967" label="QUES_12467_17516" d2l_2p0:page="1"><itemmetadata><qtimetadata><qti_metadatafield><fieldlabel>qmd_computerscored</fieldlabel><fieldentry>yes</fieldentry></qti_metadatafield><qti_metadatafield><fieldlabel>qmd_questiontype</fieldlabel><fieldentry>Long Answer</fieldentry></qti_metadatafield><qti_metadatafield><fieldlabel>qmd_globalid</fieldlabel><fieldentry>35aea4fb-9251-4478-89d5-4bee152a5669</fieldentry></qti_metadatafield><qti_metadatafield><fieldlabel>qmd_displayid</fieldlabel><fieldentry>DDN237-DEV-EN-54</fieldentry></qti_metadatafield></qtimetadata></itemmetadata><itemproc_extension><d2l_2p0:difficulty>1</d2l_2p0:difficulty><d2l_2p0:isbonus>no</d2l_2p0:isbonus><d2l_2p0:ismandatory>no</d2l_2p0:ismandatory></itemproc_extension><presentation><flow><material><mattext texttype="text/html">&lt;p&gt;The content in this course will help learners to build better products and services.&lt;/p&gt;
&lt;p&gt;Please comment on your answer. (2 of 2)&lt;/p&gt;</mattext></material><response_extension><d2l_2p0:has_signed_comments>no</d2l_2p0:has_signed_comments><d2l_2p0:has_htmleditor>no</d2l_2p0:has_htmleditor><d2l_2p0:has_fileupload>no</d2l_2p0:has_fileupload></response_extension><response_str ident="QUES_12467_17516_STR" rcardinality="Multiple"><render_fib rows="15" columns="100" prompt="Box" fibtype="String"><response_label ident="QUES_12467_17516_LA"><material><mattext texttype="text/plain" /></material></response_label></render_fib></response_str></flow></presentation></item><item ident="OBJ_41968" label="QUES_12468_17517" d2l_2p0:page="1"><itemmetadata><qtimetadata><qti_metadatafield><fieldlabel>qmd_computerscored</fieldlabel><fieldentry>yes</fieldentry></qti_metadatafield><qti_metadatafield><fieldlabel>qmd_questiontype</fieldlabel><fieldentry>Multiple Choice</fieldentry></qti_metadatafield><qti_metadatafield><fieldlabel>qmd_globalid</fieldlabel><fieldentry>b30506f1-dcc4-459b-b086-e3959757f86c</fieldentry></qti_metadatafield><qti_metadatafield><fieldlabel>qmd_displayid</fieldlabel><fieldentry>DDN237-DEV-EN-55</fieldentry></qti_metadatafield></qtimetadata></itemmetadata><itemproc_extension><d2l_2p0:difficulty>1</d2l_2p0:difficulty><d2l_2p0:isbonus>no</d2l_2p0:isbonus><d2l_2p0:ismandatory>no</d2l_2p0:ismandatory></itemproc_extension><presentation><flow><material><mattext texttype="text/html">&lt;p&gt;The content in this course is aligned with the course objectives. (1 of 2)&lt;/p&gt;</mattext></material><response_extension><d2l_2p0:display_style>2</d2l_2p0:display_style><d2l_2p0:enumeration>6</d2l_2p0:enumeration><d2l_2p0:grading_type>0</d2l_2p0:grading_type></response_extension><response_lid ident="QUES_12468_17517_LID" rcardinality="Single"><render_choice shuffle="no"><flow_label class="Block"><response_label ident="QUES_12468_17517_A68238"><flow_mat><material><mattext texttype="text/html">&lt;p&gt;Totally disagree&lt;/p&gt;</mattext></material></flow_mat></response_label></flow_label><flow_label class="Block"><response_label ident="QUES_12468_17517_A68239"><flow_mat><material><mattext texttype="text/html">&lt;p&gt;Somewhat disagree&lt;/p&gt;</mattext></material></flow_mat></response_label></flow_label><flow_label class="Block"><response_label ident="QUES_12468_17517_A68240"><flow_mat><material><mattext texttype="text/html">&lt;p&gt;Somewhat agree&lt;/p&gt;</mattext></material></flow_mat></response_label></flow_label><flow_label class="Block"><response_label ident="QUES_12468_17517_A68241"><flow_mat><material><mattext texttype="text/html">&lt;p&gt;Totally agree&lt;/p&gt;</mattext></material></flow_mat></response_label></flow_label></render_choice></response_lid></flow></presentation><resprocessing><respcondition title="Response Condition 1"><conditionvar><varequal respident="QUES_12468_17517_LID">QUES_12468_17517_A68238</varequal></conditionvar><setvar action="Set">0.000000000</setvar><displayfeedback feedbacktype="Response" linkrefid="QUES_12468_17517_IF68238" /></respcondition><respcondition title="Response Condition 2"><conditionvar><varequal respident="QUES_12468_17517_LID">QUES_12468_17517_A68239</varequal></conditionvar><setvar action="Set">0.000000000</setvar><displayfeedback feedbacktype="Response" linkrefid="QUES_12468_17517_IF68239" /></respcondition><respcondition title="Response Condition 3"><conditionvar><varequal respident="QUES_12468_17517_LID">QUES_12468_17517_A68240</varequal></conditionvar><setvar action="Set">0.000000000</setvar><displayfeedback feedbacktype="Response" linkrefid="QUES_12468_17517_IF68240" /></respcondition><respcondition title="Response Condition 4"><conditionvar><varequal respident="QUES_12468_17517_LID">QUES_12468_17517_A68241</varequal></conditionvar><setvar action="Set">0.000000000</setvar><displayfeedback feedbacktype="Response" linkrefid="QUES_12468_17517_IF68241" /></respcondition></resprocessing><itemfeedback ident="QUES_12468_17517_IF68238"><material><mattext texttype="text/plain" /></material></itemfeedback><itemfeedback ident="QUES_12468_17517_IF68239"><material><mattext texttype="text/plain" /></material></itemfeedback><itemfeedback ident="QUES_12468_17517_IF68240"><material><mattext texttype="text/plain" /></material></itemfeedback><itemfeedback ident="QUES_12468_17517_IF68241"><material><mattext texttype="text/plain" /></material></itemfeedback></item><item ident="OBJ_41969" label="QUES_12469_17518" d2l_2p0:page="1"><itemmetadata><qtimetadata><qti_metadatafield><fieldlabel>qmd_computerscored</fieldlabel><fieldentry>yes</fieldentry></qti_metadatafield><qti_metadatafield><fieldlabel>qmd_questiontype</fieldlabel><fieldentry>Long Answer</fieldentry></qti_metadatafield><qti_metadatafield><fieldlabel>qmd_globalid</fieldlabel><fieldentry>d95d8c64-4f3a-4c19-af14-e97b3031f828</fieldentry></qti_metadatafield><qti_metadatafield><fieldlabel>qmd_displayid</fieldlabel><fieldentry>DDN237-DEV-EN-56</fieldentry></qti_metadatafield></qtimetadata></itemmetadata><itemproc_extension><d2l_2p0:difficulty>1</d2l_2p0:difficulty><d2l_2p0:isbonus>no</d2l_2p0:isbonus><d2l_2p0:ismandatory>no</d2l_2p0:ismandatory></itemproc_extension><presentation><flow><material><mattext texttype="text/html">&lt;p&gt;The content in this course is aligned with the course objectives.&lt;/p&gt;
&lt;p&gt;Please comment on your answer. (2 of 2)&lt;/p&gt;</mattext></material><response_extension><d2l_2p0:has_signed_comments>no</d2l_2p0:has_signed_comments><d2l_2p0:has_htmleditor>no</d2l_2p0:has_htmleditor><d2l_2p0:has_fileupload>no</d2l_2p0:has_fileupload></response_extension><response_str ident="QUES_12469_17518_STR" rcardinality="Multiple"><render_fib rows="15" columns="100" prompt="Box" fibtype="String"><response_label ident="QUES_12469_17518_LA"><material><mattext texttype="text/plain" /></material></response_label></render_fib></response_str></flow></presentation></item><item ident="OBJ_41970" label="QUES_12470_17519" d2l_2p0:page="1"><itemmetadata><qtimetadata><qti_metadatafield><fieldlabel>qmd_computerscored</fieldlabel><fieldentry>yes</fieldentry></qti_metadatafield><qti_metadatafield><fieldlabel>qmd_questiontype</fieldlabel><fieldentry>Multiple Choice</fieldentry></qti_metadatafield><qti_metadatafield><fieldlabel>qmd_globalid</fieldlabel><fieldentry>d7818557-4fb0-4b6d-bbd4-397157d21788</fieldentry></qti_metadatafield><qti_metadatafield><fieldlabel>qmd_displayid</fieldlabel><fieldentry>DDN237-DEV-EN-57</fieldentry></qti_metadatafield></qtimetadata></itemmetadata><itemproc_extension><d2l_2p0:difficulty>1</d2l_2p0:difficulty><d2l_2p0:isbonus>no</d2l_2p0:isbonus><d2l_2p0:ismandatory>no</d2l_2p0:ismandatory></itemproc_extension><presentation><flow><material><mattext texttype="text/html">&lt;p&gt;This course introduces to learners the most important topics related to Problem Framing. (1 of 2)&lt;/p&gt;</mattext></material><response_extension><d2l_2p0:display_style>2</d2l_2p0:display_style><d2l_2p0:enumeration>6</d2l_2p0:enumeration><d2l_2p0:grading_type>0</d2l_2p0:grading_type></response_extension><response_lid ident="QUES_12470_17519_LID" rcardinality="Single"><render_choice shuffle="no"><flow_label class="Block"><response_label ident="QUES_12470_17519_A68243"><flow_mat><material><mattext texttype="text/html">&lt;p&gt;Totally disagree&lt;/p&gt;</mattext></material></flow_mat></response_label></flow_label><flow_label class="Block"><response_label ident="QUES_12470_17519_A68244"><flow_mat><material><mattext texttype="text/html">&lt;p&gt;Somewhat disagree&lt;/p&gt;</mattext></material></flow_mat></response_label></flow_label><flow_label class="Block"><response_label ident="QUES_12470_17519_A68245"><flow_mat><material><mattext texttype="text/html">&lt;p&gt;Somewhat agree&lt;/p&gt;</mattext></material></flow_mat></response_label></flow_label><flow_label class="Block"><response_label ident="QUES_12470_17519_A68246"><flow_mat><material><mattext texttype="text/html">&lt;p&gt;Totally agree&lt;/p&gt;</mattext></material></flow_mat></response_label></flow_label></render_choice></response_lid></flow></presentation><resprocessing><respcondition title="Response Condition 1"><conditionvar><varequal respident="QUES_12470_17519_LID">QUES_12470_17519_A68243</varequal></conditionvar><setvar action="Set">0.000000000</setvar><displayfeedback feedbacktype="Response" linkrefid="QUES_12470_17519_IF68243" /></respcondition><respcondition title="Response Condition 2"><conditionvar><varequal respident="QUES_12470_17519_LID">QUES_12470_17519_A68244</varequal></conditionvar><setvar action="Set">0.000000000</setvar><displayfeedback feedbacktype="Response" linkrefid="QUES_12470_17519_IF68244" /></respcondition><respcondition title="Response Condition 3"><conditionvar><varequal respident="QUES_12470_17519_LID">QUES_12470_17519_A68245</varequal></conditionvar><setvar action="Set">0.000000000</setvar><displayfeedback feedbacktype="Response" linkrefid="QUES_12470_17519_IF68245" /></respcondition><respcondition title="Response Condition 4"><conditionvar><varequal respident="QUES_12470_17519_LID">QUES_12470_17519_A68246</varequal></conditionvar><setvar action="Set">0.000000000</setvar><displayfeedback feedbacktype="Response" linkrefid="QUES_12470_17519_IF68246" /></respcondition></resprocessing><itemfeedback ident="QUES_12470_17519_IF68243"><material><mattext texttype="text/plain" /></material></itemfeedback><itemfeedback ident="QUES_12470_17519_IF68244"><material><mattext texttype="text/plain" /></material></itemfeedback><itemfeedback ident="QUES_12470_17519_IF68245"><material><mattext texttype="text/plain" /></material></itemfeedback><itemfeedback ident="QUES_12470_17519_IF68246"><material><mattext texttype="text/plain" /></material></itemfeedback></item><item ident="OBJ_41971" label="QUES_12471_17520" d2l_2p0:page="1"><itemmetadata><qtimetadata><qti_metadatafield><fieldlabel>qmd_computerscored</fieldlabel><fieldentry>yes</fieldentry></qti_metadatafield><qti_metadatafield><fieldlabel>qmd_questiontype</fieldlabel><fieldentry>Long Answer</fieldentry></qti_metadatafield><qti_metadatafield><fieldlabel>qmd_globalid</fieldlabel><fieldentry>b0f2ba32-2b71-4d20-ac50-d38905ded23e</fieldentry></qti_metadatafield><qti_metadatafield><fieldlabel>qmd_displayid</fieldlabel><fieldentry>DDN237-DEV-EN-58</fieldentry></qti_metadatafield></qtimetadata></itemmetadata><itemproc_extension><d2l_2p0:difficulty>1</d2l_2p0:difficulty><d2l_2p0:isbonus>no</d2l_2p0:isbonus><d2l_2p0:ismandatory>no</d2l_2p0:ismandatory></itemproc_extension><presentation><flow><material><mattext texttype="text/html">&lt;p&gt;This course introduces to learners the most important topics related to Problem Framing.&lt;/p&gt;
&lt;p&gt;Please comment on your answer. (2 of 2)&lt;/p&gt;</mattext></material><response_extension><d2l_2p0:has_signed_comments>no</d2l_2p0:has_signed_comments><d2l_2p0:has_htmleditor>no</d2l_2p0:has_htmleditor><d2l_2p0:has_fileupload>no</d2l_2p0:has_fileupload></response_extension><response_str ident="QUES_12471_17520_STR" rcardinality="Multiple"><render_fib rows="15" columns="100" prompt="Box" fibtype="String"><response_label ident="QUES_12471_17520_LA"><material><mattext texttype="text/plain" /></material></response_label></render_fib></response_str></flow></presentation></item><item ident="OBJ_41972" label="QUES_12472_17521" d2l_2p0:page="1"><itemmetadata><qtimetadata><qti_metadatafield><fieldlabel>qmd_computerscored</fieldlabel><fieldentry>yes</fieldentry></qti_metadatafield><qti_metadatafield><fieldlabel>qmd_questiontype</fieldlabel><fieldentry>Multiple Choice</fieldentry></qti_metadatafield><qti_metadatafield><fieldlabel>qmd_globalid</fieldlabel><fieldentry>5ea204a9-e0e9-42cb-9912-770d0c7d7d36</fieldentry></qti_metadatafield><qti_metadatafield><fieldlabel>qmd_displayid</fieldlabel><fieldentry>DDN237-DEV-EN-59</fieldentry></qti_metadatafield></qtimetadata></itemmetadata><itemproc_extension><d2l_2p0:difficulty>1</d2l_2p0:difficulty><d2l_2p0:isbonus>no</d2l_2p0:isbonus><d2l_2p0:ismandatory>no</d2l_2p0:ismandatory></itemproc_extension><presentation><flow><material><mattext texttype="text/html">&lt;p&gt;The assignment is an effective way to support learners in writing point-of-view problem statements. (1 of 2)&lt;/p&gt;</mattext></material><response_extension><d2l_2p0:display_style>2</d2l_2p0:display_style><d2l_2p0:enumeration>6</d2l_2p0:enumeration><d2l_2p0:grading_type>0</d2l_2p0:grading_type></response_extension><response_lid ident="QUES_12472_17521_LID" rcardinality="Single"><render_choice shuffle="no"><flow_label class="Block"><response_label ident="QUES_12472_17521_A68248"><flow_mat><material><mattext texttype="text/html">&lt;p&gt;Totally disagree&lt;/p&gt;</mattext></material></flow_mat></response_label></flow_label><flow_label class="Block"><response_label ident="QUES_12472_17521_A68249"><flow_mat><material><mattext texttype="text/html">&lt;p&gt;Somewhat disagree&lt;/p&gt;</mattext></material></flow_mat></response_label></flow_label><flow_label class="Block"><response_label ident="QUES_12472_17521_A68250"><flow_mat><material><mattext texttype="text/html">&lt;p&gt;Totally agree&lt;/p&gt;</mattext></material></flow_mat></response_label></flow_label></render_choice></response_lid></flow></presentation><resprocessing><respcondition title="Response Condition 1"><conditionvar><varequal respident="QUES_12472_17521_LID">QUES_12472_17521_A68248</varequal></conditionvar><setvar action="Set">0.000000000</setvar><displayfeedback feedbacktype="Response" linkrefid="QUES_12472_17521_IF68248" /></respcondition><respcondition title="Response Condition 2"><conditionvar><varequal respident="QUES_12472_17521_LID">QUES_12472_17521_A68249</varequal></conditionvar><setvar action="Set">0.000000000</setvar><displayfeedback feedbacktype="Response" linkrefid="QUES_12472_17521_IF68249" /></respcondition><respcondition title="Response Condition 3"><conditionvar><varequal respident="QUES_12472_17521_LID">QUES_12472_17521_A68250</varequal></conditionvar><setvar action="Set">0.000000000</setvar><displayfeedback feedbacktype="Response" linkrefid="QUES_12472_17521_IF68250" /></respcondition></resprocessing><itemfeedback ident="QUES_12472_17521_IF68248"><material><mattext texttype="text/plain" /></material></itemfeedback><itemfeedback ident="QUES_12472_17521_IF68249"><material><mattext texttype="text/plain" /></material></itemfeedback><itemfeedback ident="QUES_12472_17521_IF68250"><material><mattext texttype="text/plain" /></material></itemfeedback></item><item ident="OBJ_41973" label="QUES_12473_17522" d2l_2p0:page="1"><itemmetadata><qtimetadata><qti_metadatafield><fieldlabel>qmd_computerscored</fieldlabel><fieldentry>yes</fieldentry></qti_metadatafield><qti_metadatafield><fieldlabel>qmd_questiontype</fieldlabel><fieldentry>Long Answer</fieldentry></qti_metadatafield><qti_metadatafield><fieldlabel>qmd_globalid</fieldlabel><fieldentry>82fbb22c-2d3a-4fa3-959d-7d910aa95a26</fieldentry></qti_metadatafield><qti_metadatafield><fieldlabel>qmd_displayid</fieldlabel><fieldentry>DDN237-DEV-EN-60</fieldentry></qti_metadatafield></qtimetadata></itemmetadata><itemproc_extension><d2l_2p0:difficulty>1</d2l_2p0:difficulty><d2l_2p0:isbonus>no</d2l_2p0:isbonus><d2l_2p0:ismandatory>no</d2l_2p0:ismandatory></itemproc_extension><presentation><flow><material><mattext texttype="text/html">&lt;p&gt;The assignment is an effective way to support learners in writing point-of-view problem statements.&lt;/p&gt;
&lt;p&gt;Please comment on your answer. (2 of 2)&lt;/p&gt;</mattext></material><response_extension><d2l_2p0:has_signed_comments>no</d2l_2p0:has_signed_comments><d2l_2p0:has_htmleditor>no</d2l_2p0:has_htmleditor><d2l_2p0:has_fileupload>no</d2l_2p0:has_fileupload></response_extension><response_str ident="QUES_12473_17522_STR" rcardinality="Multiple"><render_fib rows="15" columns="100" prompt="Box" fibtype="String"><response_label ident="QUES_12473_17522_LA"><material><mattext texttype="text/plain" /></material></response_label></render_fib></response_str></flow></presentation></item><item ident="OBJ_41974" label="QUES_12474_17523" d2l_2p0:page="1"><itemmetadata><qtimetadata><qti_metadatafield><fieldlabel>qmd_computerscored</fieldlabel><fieldentry>yes</fieldentry></qti_metadatafield><qti_metadatafield><fieldlabel>qmd_questiontype</fieldlabel><fieldentry>Multiple Choice</fieldentry></qti_metadatafield><qti_metadatafield><fieldlabel>qmd_globalid</fieldlabel><fieldentry>664a70ea-e3f7-4da4-a698-4735cb865cdd</fieldentry></qti_metadatafield><qti_metadatafield><fieldlabel>qmd_displayid</fieldlabel><fieldentry>DDN237-DEV-EN-61</fieldentry></qti_metadatafield></qtimetadata></itemmetadata><itemproc_extension><d2l_2p0:difficulty>1</d2l_2p0:difficulty><d2l_2p0:isbonus>no</d2l_2p0:isbonus><d2l_2p0:ismandatory>no</d2l_2p0:ismandatory></itemproc_extension><presentation><flow><material><mattext texttype="text/html">&lt;p&gt;The case study with the Department of Fisheries and Oceans is an effective way of demonstrating Problem Framing methods in practice. (1 of 2)&lt;/p&gt;</mattext></material><response_extension><d2l_2p0:display_style>2</d2l_2p0:display_style><d2l_2p0:enumeration>6</d2l_2p0:enumeration><d2l_2p0:grading_type>0</d2l_2p0:grading_type></response_extension><response_lid ident="QUES_12474_17523_LID" rcardinality="Single"><render_choice shuffle="no"><flow_label class="Block"><response_label ident="QUES_12474_17523_A68252"><flow_mat><material><mattext texttype="text/html">&lt;p&gt;Totally disagree&lt;/p&gt;</mattext></material></flow_mat></response_label></flow_label><flow_label class="Block"><response_label ident="QUES_12474_17523_A68253"><flow_mat><material><mattext texttype="text/html">&lt;p&gt;Somewhat disagree&lt;/p&gt;</mattext></material></flow_mat></response_label></flow_label><flow_label class="Block"><response_label ident="QUES_12474_17523_A68254"><flow_mat><material><mattext texttype="text/html">&lt;p&gt;Somewhat agree&lt;/p&gt;</mattext></material></flow_mat></response_label></flow_label><flow_label class="Block"><response_label ident="QUES_12474_17523_A68255"><flow_mat><material><mattext texttype="text/html">&lt;p&gt;Totally agree&lt;/p&gt;</mattext></material></flow_mat></response_label></flow_label></render_choice></response_lid></flow></presentation><resprocessing><respcondition title="Response Condition 1"><conditionvar><varequal respident="QUES_12474_17523_LID">QUES_12474_17523_A68252</varequal></conditionvar><setvar action="Set">0.000000000</setvar><displayfeedback feedbacktype="Response" linkrefid="QUES_12474_17523_IF68252" /></respcondition><respcondition title="Response Condition 2"><conditionvar><varequal respident="QUES_12474_17523_LID">QUES_12474_17523_A68253</varequal></conditionvar><setvar action="Set">0.000000000</setvar><displayfeedback feedbacktype="Response" linkrefid="QUES_12474_17523_IF68253" /></respcondition><respcondition title="Response Condition 3"><conditionvar><varequal respident="QUES_12474_17523_LID">QUES_12474_17523_A68254</varequal></conditionvar><setvar action="Set">0.000000000</setvar><displayfeedback feedbacktype="Response" linkrefid="QUES_12474_17523_IF68254" /></respcondition><respcondition title="Response Condition 4"><conditionvar><varequal respident="QUES_12474_17523_LID">QUES_12474_17523_A68255</varequal></conditionvar><setvar action="Set">0.000000000</setvar><displayfeedback feedbacktype="Response" linkrefid="QUES_12474_17523_IF68255" /></respcondition></resprocessing><itemfeedback ident="QUES_12474_17523_IF68252"><material><mattext texttype="text/plain" /></material></itemfeedback><itemfeedback ident="QUES_12474_17523_IF68253"><material><mattext texttype="text/plain" /></material></itemfeedback><itemfeedback ident="QUES_12474_17523_IF68254"><material><mattext texttype="text/plain" /></material></itemfeedback><itemfeedback ident="QUES_12474_17523_IF68255"><material><mattext texttype="text/plain" /></material></itemfeedback></item><item ident="OBJ_41975" label="QUES_12475_17524" d2l_2p0:page="1"><itemmetadata><qtimetadata><qti_metadatafield><fieldlabel>qmd_computerscored</fieldlabel><fieldentry>yes</fieldentry></qti_metadatafield><qti_metadatafield><fieldlabel>qmd_questiontype</fieldlabel><fieldentry>Long Answer</fieldentry></qti_metadatafield><qti_metadatafield><fieldlabel>qmd_globalid</fieldlabel><fieldentry>920caf1f-d1bb-467f-9bd7-eca903b388fa</fieldentry></qti_metadatafield><qti_metadatafield><fieldlabel>qmd_displayid</fieldlabel><fieldentry>DDN237-DEV-EN-62</fieldentry></qti_metadatafield></qtimetadata></itemmetadata><itemproc_extension><d2l_2p0:difficulty>1</d2l_2p0:difficulty><d2l_2p0:isbonus>no</d2l_2p0:isbonus><d2l_2p0:ismandatory>no</d2l_2p0:ismandatory></itemproc_extension><presentation><flow><material><mattext texttype="text/html">&lt;p&gt;The case study with the Department of Fisheries and Oceans is an effective way of demonstrating Problem Framing methods in practice.&lt;/p&gt;
&lt;p&gt;Please comment on your answer. (2 of 2)&lt;/p&gt;</mattext></material><response_extension><d2l_2p0:has_signed_comments>no</d2l_2p0:has_signed_comments><d2l_2p0:has_htmleditor>no</d2l_2p0:has_htmleditor><d2l_2p0:has_fileupload>no</d2l_2p0:has_fileupload></response_extension><response_str ident="QUES_12475_17524_STR" rcardinality="Multiple"><render_fib rows="15" columns="100" prompt="Box" fibtype="String"><response_label ident="QUES_12475_17524_LA"><material><mattext texttype="text/plain" /></material></response_label></render_fib></response_str></flow></presentation></item><item ident="OBJ_41976" label="QUES_12476_17525" d2l_2p0:page="1"><itemmetadata><qtimetadata><qti_metadatafield><fieldlabel>qmd_computerscored</fieldlabel><fieldentry>yes</fieldentry></qti_metadatafield><qti_metadatafield><fieldlabel>qmd_questiontype</fieldlabel><fieldentry>Long Answer</fieldentry></qti_metadatafield><qti_metadatafield><fieldlabel>qmd_globalid</fieldlabel><fieldentry>54acdd96-5eb6-49ae-87c0-1c3c6a9ab3be</fieldentry></qti_metadatafield><qti_metadatafield><fieldlabel>qmd_displayid</fieldlabel><fieldentry>DDN237-DEV-EN-63</fieldentry></qti_metadatafield></qtimetadata></itemmetadata><itemproc_extension><d2l_2p0:difficulty>1</d2l_2p0:difficulty><d2l_2p0:isbonus>no</d2l_2p0:isbonus><d2l_2p0:ismandatory>no</d2l_2p0:ismandatory></itemproc_extension><presentation><flow><material><mattext texttype="text/html">&lt;p&gt;What would improve the course experience for learners?&lt;/p&gt;</mattext></material><response_extension><d2l_2p0:has_signed_comments>no</d2l_2p0:has_signed_comments><d2l_2p0:has_htmleditor>no</d2l_2p0:has_htmleditor><d2l_2p0:has_fileupload>no</d2l_2p0:has_fileupload></response_extension><response_str ident="QUES_12476_17525_STR" rcardinality="Multiple"><render_fib rows="15" columns="100" prompt="Box" fibtype="String"><response_label ident="QUES_12476_17525_LA"><material><mattext texttype="text/plain" /></material></response_label></render_fib></response_str></flow></presentation></item><item ident="OBJ_41977" label="QUES_12477_17526" d2l_2p0:page="1"><itemmetadata><qtimetadata><qti_metadatafield><fieldlabel>qmd_computerscored</fieldlabel><fieldentry>yes</fieldentry></qti_metadatafield><qti_metadatafield><fieldlabel>qmd_questiontype</fieldlabel><fieldentry>Long Answer</fieldentry></qti_metadatafield><qti_metadatafield><fieldlabel>qmd_globalid</fieldlabel><fieldentry>2a7ccfd6-ff2d-4a95-8e69-d5d9ce1638ce</fieldentry></qti_metadatafield><qti_metadatafield><fieldlabel>qmd_displayid</fieldlabel><fieldentry>DDN237-DEV-EN-64</fieldentry></qti_metadatafield></qtimetadata></itemmetadata><itemproc_extension><d2l_2p0:difficulty>1</d2l_2p0:difficulty><d2l_2p0:isbonus>no</d2l_2p0:isbonus><d2l_2p0:ismandatory>no</d2l_2p0:ismandatory></itemproc_extension><presentation><flow><material><mattext texttype="text/html">&lt;p&gt;What further feedback do you have for this course?&lt;/p&gt;</mattext></material><response_extension><d2l_2p0:has_signed_comments>no</d2l_2p0:has_signed_comments><d2l_2p0:has_htmleditor>no</d2l_2p0:has_htmleditor><d2l_2p0:has_fileupload>no</d2l_2p0:has_fileupload></response_extension><response_str ident="QUES_12477_17526_STR" rcardinality="Multiple"><render_fib rows="15" columns="100" prompt="Box" fibtype="String"><response_label ident="QUES_12477_17526_LA"><material><mattext texttype="text/plain" /></material></response_label></render_fib></response_str></flow></presentation></item><item ident="OBJ_41978" label="QUES_12478_17529" d2l_2p0:page="1"><itemmetadata><qtimetadata><qti_metadatafield><fieldlabel>qmd_computerscored</fieldlabel><fieldentry>yes</fieldentry></qti_metadatafield><qti_metadatafield><fieldlabel>qmd_questiontype</fieldlabel><fieldentry>Multi-Select</fieldentry></qti_metadatafield><qti_metadatafield><fieldlabel>qmd_globalid</fieldlabel><fieldentry>b5c348ef-8672-4686-b275-19472120a2c0</fieldentry></qti_metadatafield><qti_metadatafield><fieldlabel>qmd_displayid</fieldlabel><fieldentry>DDN237-DEV-EN-65</fieldentry></qti_metadatafield></qtimetadata></itemmetadata><itemproc_extension><d2l_2p0:difficulty>1</d2l_2p0:difficulty><d2l_2p0:isbonus>no</d2l_2p0:isbonus><d2l_2p0:ismandatory>no</d2l_2p0:ismandatory></itemproc_extension><presentation><flow><material><mattext texttype="text/html">&lt;p&gt;After taking this course, what do you think would offer learners the most valuable next step? Choose your top 3.&lt;/p&gt;</mattext></material><response_extension><d2l_2p0:display_style>2</d2l_2p0:display_style><d2l_2p0:enumeration>6</d2l_2p0:enumeration><d2l_2p0:grading_type>0</d2l_2p0:grading_type></response_extension><response_lid ident="QUES_12478_17529_LID" rcardinality="Multiple"><render_choice shuffle="no"><flow_label class="Block"><response_label ident="QUES_12478_17529_A68268"><flow_mat><material><mattext texttype="text/html">&lt;p&gt;A workshop to practice problem-framing&lt;/p&gt;</mattext></material></flow_mat></response_label></flow_label><flow_label class="Block"><response_label ident="QUES_12478_17529_A68269"><flow_mat><material><mattext texttype="text/html">&lt;p&gt;A team coaching session where you look at your team&amp;#39;s problem-space&lt;/p&gt;</mattext></material></flow_mat></response_label></flow_label><flow_label class="Block"><response_label ident="QUES_12478_17529_A68270"><flow_mat><material><mattext texttype="text/html">&lt;p&gt;Tools so I can lead my team through problem-framing exercises&lt;/p&gt;</mattext></material></flow_mat></response_label></flow_label><flow_label class="Block"><response_label ident="QUES_12478_17529_A68271"><flow_mat><material><mattext texttype="text/html">&lt;p&gt;A self-paced course on the next step in the Design Thinking process&lt;/p&gt;</mattext></material></flow_mat></response_label></flow_label><flow_label class="Block"><response_label ident="QUES_12478_17529_A68272"><flow_mat><material><mattext texttype="text/html">&lt;p&gt;Explore further case studies where problem-framing is applied in a government context&lt;/p&gt;</mattext></material></flow_mat></response_label></flow_label><flow_label class="Block"><response_label ident="QUES_12478_17529_A68273"><flow_mat><material><mattext texttype="text/html">&lt;p&gt;An Ask-Me-Anything session with a Design Thinking expert&lt;/p&gt;</mattext></material></flow_mat></response_label></flow_label><flow_label class="Block"><response_label ident="QUES_12478_17529_A68274"><flow_mat><material><mattext texttype="text/html">&lt;p&gt;A peer-to-peer exchange on this topic with other learners&lt;/p&gt;</mattext></material></flow_mat></response_label></flow_label><flow_label class="Block"><response_label ident="QUES_12478_17529_A68275"><flow_mat><material><mattext texttype="text/html">&lt;p&gt;Nothing, I don&amp;#39;t need any further learning on this topic&lt;/p&gt;</mattext></material></flow_mat></response_label></flow_label><flow_label class="Block"><response_label ident="QUES_12478_17529_A68276"><flow_mat><material><mattext texttype="text/html">&lt;p&gt;Something else&lt;/p&gt;</mattext></material></flow_mat></response_label></flow_label></render_choice></response_lid></flow></presentation><resprocessing><outcomes><decvar vartype="Integer" defaultval="0" /></outcomes><respcondition title="Scoring for the correct answers" continue="yes"><conditionvar><not><varequal respident="QUES_12478_17529_LID">QUES_12478_17529_A68268</varequal><varequal respident="QUES_12478_17529_LID">QUES_12478_17529_A68269</varequal><varequal respident="QUES_12478_17529_LID">QUES_12478_17529_A68270</varequal><varequal respident="QUES_12478_17529_LID">QUES_12478_17529_A68271</varequal><varequal respident="QUES_12478_17529_LID">QUES_12478_17529_A68272</varequal><varequal respident="QUES_12478_17529_LID">QUES_12478_17529_A68273</varequal><varequal respident="QUES_12478_17529_LID">QUES_12478_17529_A68274</varequal><varequal respident="QUES_12478_17529_LID">QUES_12478_17529_A68275</varequal><varequal respident="QUES_12478_17529_LID">QUES_12478_17529_A68276</varequal></not></conditionvar><setvar action="Add">1</setvar></respcondition><respcondition title="Scoring for the incorrect answers" continue="no"><conditionvar><and><not><not><varequal respident="QUES_12478_17529_LID">QUES_12478_17529_A68268</varequal><varequal respident="QUES_12478_17529_LID">QUES_12478_17529_A68269</varequal><varequal respident="QUES_12478_17529_LID">QUES_12478_17529_A68270</varequal><varequal respident="QUES_12478_17529_LID">QUES_12478_17529_A68271</varequal><varequal respident="QUES_12478_17529_LID">QUES_12478_17529_A68272</varequal><varequal respident="QUES_12478_17529_LID">QUES_12478_17529_A68273</varequal><varequal respident="QUES_12478_17529_LID">QUES_12478_17529_A68274</varequal><varequal respident="QUES_12478_17529_LID">QUES_12478_17529_A68275</varequal><varequal respident="QUES_12478_17529_LID">QUES_12478_17529_A68276</varequal></not></not></and></conditionvar><setvar action="Add">0</setvar></respcondition></resprocessing><itemfeedback ident="QUES_12478_17529_IF68268"><material><mattext texttype="text/plain" /></material></itemfeedback><itemfeedback ident="QUES_12478_17529_IF68269"><material><mattext texttype="text/plain" /></material></itemfeedback><itemfeedback ident="QUES_12478_17529_IF68270"><material><mattext texttype="text/plain" /></material></itemfeedback><itemfeedback ident="QUES_12478_17529_IF68271"><material><mattext texttype="text/plain" /></material></itemfeedback><itemfeedback ident="QUES_12478_17529_IF68272"><material><mattext texttype="text/plain" /></material></itemfeedback><itemfeedback ident="QUES_12478_17529_IF68273"><material><mattext texttype="text/plain" /></material></itemfeedback><itemfeedback ident="QUES_12478_17529_IF68274"><material><mattext texttype="text/plain" /></material></itemfeedback><itemfeedback ident="QUES_12478_17529_IF68275"><material><mattext texttype="text/plain" /></material></itemfeedback><itemfeedback ident="QUES_12478_17529_IF68276"><material><mattext texttype="text/plain" /></material></itemfeedback></item><item ident="OBJ_41979" label="QUES_12479_17532" d2l_2p0:page="1"><itemmetadata><qtimetadata><qti_metadatafield><fieldlabel>qmd_computerscored</fieldlabel><fieldentry>yes</fieldentry></qti_metadatafield><qti_metadatafield><fieldlabel>qmd_questiontype</fieldlabel><fieldentry>Long Answer</fieldentry></qti_metadatafield><qti_metadatafield><fieldlabel>qmd_globalid</fieldlabel><fieldentry>ddf7ee5a-5e7d-422e-9e59-022b51a1924f</fieldentry></qti_metadatafield><qti_metadatafield><fieldlabel>qmd_displayid</fieldlabel><fieldentry>DDN237-DEV-EN-66</fieldentry></qti_metadatafield></qtimetadata></itemmetadata><itemproc_extension><d2l_2p0:difficulty>1</d2l_2p0:difficulty><d2l_2p0:isbonus>no</d2l_2p0:isbonus><d2l_2p0:ismandatory>no</d2l_2p0:ismandatory></itemproc_extension><presentation><flow><material><mattext texttype="text/html">&lt;p&gt;If you did not choose &amp;quot;Nothing, I don&amp;#39;t need any further learning on this topic&amp;quot; for the previous question, what would you hope to learn from this next step?&lt;/p&gt;</mattext></material><response_extension><d2l_2p0:has_signed_comments>no</d2l_2p0:has_signed_comments><d2l_2p0:has_htmleditor>no</d2l_2p0:has_htmleditor><d2l_2p0:has_fileupload>no</d2l_2p0:has_fileupload></response_extension><response_str ident="QUES_12479_17532_STR" rcardinality="Multiple"><render_fib rows="15" columns="100" prompt="Box" fibtype="String"><response_label ident="QUES_12479_17532_LA"><material><mattext texttype="text/plain" /></material></response_label></render_fib></response_str></flow></presentation></item></section></assessment></questestinterop>