﻿<?xml version="1.0" encoding="UTF-8"?><questestinterop xmlns:d2l_2p0="http://desire2learn.com/xsd/d2lcp_v2p0"><assessment d2l_2p0:id="93" title="Test" ident="res_survey_3438" d2l_2p0:resource_code="23116E12-04C0-4FA6-BDD4-3082E33A4375-30538"><rubric><flow_mat><material><mattext d2l_2p0:isdisplayed="no" texttype="text/html" /></material></flow_mat></rubric><assessmentcontrol hintswitch="no" solutionswitch="no" feedbackswitch="no" /><presentation_material><flow_mat><material label="page footer"><mattext d2l_2p0:isdisplayed="no" texttype="text/html" /></material></flow_mat></presentation_material><assess_procextension><d2l_2p0:submission_message texttype="text/html" /><d2l_2p0:anonymous>no</d2l_2p0:anonymous><d2l_2p0:instant_feedback>no</d2l_2p0:instant_feedback><is_active>no</is_active><d2l_2p0:date_start /><d2l_2p0:date_end /><d2l_2p0:has_schedule_event>no</d2l_2p0:has_schedule_event><d2l_2p0:attempts_allowed>unlimited</d2l_2p0:attempts_allowed><d2l_2p0:is_forward_only>no</d2l_2p0:is_forward_only></assess_procextension><section ident="CONTAINER_SECTION" /></assessment></questestinterop>