﻿<?xml version="1.0" encoding="UTF-8"?><questestinterop xmlns:d2l_2p0="http://desire2learn.com/xsd/d2lcp_v2p0"><assessment d2l_2p0:id="91" title="Survey for Learners" ident="res_survey_3434" d2l_2p0:resource_code="23116E12-04C0-4FA6-BDD4-3082E33A4375-30324"><rubric><flow_mat><material><mattext d2l_2p0:isdisplayed="no" texttype="text/html" /></material></flow_mat></rubric><assessmentcontrol hintswitch="no" solutionswitch="no" feedbackswitch="no" /><presentation_material><flow_mat><material label="page footer"><mattext d2l_2p0:isdisplayed="no" texttype="text/html" /></material></flow_mat></presentation_material><assess_procextension><d2l_2p0:submission_message texttype="text/html" /><d2l_2p0:anonymous>yes</d2l_2p0:anonymous><d2l_2p0:instant_feedback>no</d2l_2p0:instant_feedback><is_active>yes</is_active><d2l_2p0:date_start /><d2l_2p0:date_end /><d2l_2p0:has_schedule_event>no</d2l_2p0:has_schedule_event><d2l_2p0:attempts_allowed>unlimited</d2l_2p0:attempts_allowed><d2l_2p0:is_forward_only>no</d2l_2p0:is_forward_only></assess_procextension><d2l_2p0:report title="DDN237 Learner Survey"><d2l_2p0:report_type>4</d2l_2p0:report_type><d2l_2p0:show_aggregate_data>yes</d2l_2p0:show_aggregate_data><d2l_2p0:show_textresponses>yes</d2l_2p0:show_textresponses><d2l_2p0:show_signed_comments>no</d2l_2p0:show_signed_comments><d2l_2p0:show_unsigned_comments>no</d2l_2p0:show_unsigned_comments><d2l_2p0:hide_user_info>no</d2l_2p0:hide_user_info><d2l_2p0:report_roles><d2l_2p0:role ident="117">Super Designer - Super concepteur</d2l_2p0:role><d2l_2p0:role ident="107">Designer - Concepteur</d2l_2p0:role><d2l_2p0:role ident="109">Instructor - Instructeur</d2l_2p0:role><d2l_2p0:role ident="152">Producer - Producteur</d2l_2p0:role><d2l_2p0:role ident="114">Facilitator - Facilitateur</d2l_2p0:role></d2l_2p0:report_roles></d2l_2p0:report><section ident="CONTAINER_SECTION"><item ident="OBJ_41933" label="QUES_12433_17477" d2l_2p0:page="1"><itemmetadata><qtimetadata><qti_metadatafield><fieldlabel>qmd_computerscored</fieldlabel><fieldentry>yes</fieldentry></qti_metadatafield><qti_metadatafield><fieldlabel>qmd_questiontype</fieldlabel><fieldentry>Multiple Choice</fieldentry></qti_metadatafield><qti_metadatafield><fieldlabel>qmd_globalid</fieldlabel><fieldentry>3f79eb0a-ac16-451b-95db-14434dc9dc38</fieldentry></qti_metadatafield><qti_metadatafield><fieldlabel>qmd_displayid</fieldlabel><fieldentry>DDN237-DEV-EN-15</fieldentry></qti_metadatafield></qtimetadata></itemmetadata><itemproc_extension><d2l_2p0:difficulty>1</d2l_2p0:difficulty><d2l_2p0:isbonus>no</d2l_2p0:isbonus><d2l_2p0:ismandatory>no</d2l_2p0:ismandatory></itemproc_extension><presentation><flow><material><mattext texttype="text/html">&lt;p&gt;My experience with Design before the course&lt;/p&gt;</mattext></material><response_extension><d2l_2p0:display_style>2</d2l_2p0:display_style><d2l_2p0:enumeration>6</d2l_2p0:enumeration><d2l_2p0:grading_type>0</d2l_2p0:grading_type></response_extension><response_lid ident="QUES_12433_17477_LID" rcardinality="Single"><render_choice shuffle="no"><flow_label class="Block"><response_label ident="QUES_12433_17477_A68084"><flow_mat><material><mattext texttype="text/html">&lt;p&gt;Instructor of the topic&lt;/p&gt;</mattext></material></flow_mat></response_label></flow_label><flow_label class="Block"><response_label ident="QUES_12433_17477_A68085"><flow_mat><material><mattext texttype="text/html">&lt;p&gt;Practitioner of the topic&lt;/p&gt;</mattext></material></flow_mat></response_label></flow_label><flow_label class="Block"><response_label ident="QUES_12433_17477_A68086"><flow_mat><material><mattext texttype="text/html">&lt;p&gt;Very familiar with the topic&lt;/p&gt;</mattext></material></flow_mat></response_label></flow_label><flow_label class="Block"><response_label ident="QUES_12433_17477_A68087"><flow_mat><material><mattext texttype="text/html">&lt;p&gt;Some familiarity with the topic&lt;/p&gt;</mattext></material></flow_mat></response_label></flow_label><flow_label class="Block"><response_label ident="QUES_12433_17477_A68088"><flow_mat><material><mattext texttype="text/html">&lt;p&gt;Total newcomer to the topic&lt;/p&gt;</mattext></material></flow_mat></response_label></flow_label></render_choice></response_lid></flow></presentation><resprocessing><respcondition title="Response Condition 1"><conditionvar><varequal respident="QUES_12433_17477_LID">QUES_12433_17477_A68084</varequal></conditionvar><setvar action="Set">0.000000000</setvar><displayfeedback feedbacktype="Response" linkrefid="QUES_12433_17477_IF68084" /></respcondition><respcondition title="Response Condition 2"><conditionvar><varequal respident="QUES_12433_17477_LID">QUES_12433_17477_A68085</varequal></conditionvar><setvar action="Set">0.000000000</setvar><displayfeedback feedbacktype="Response" linkrefid="QUES_12433_17477_IF68085" /></respcondition><respcondition title="Response Condition 3"><conditionvar><varequal respident="QUES_12433_17477_LID">QUES_12433_17477_A68086</varequal></conditionvar><setvar action="Set">0.000000000</setvar><displayfeedback feedbacktype="Response" linkrefid="QUES_12433_17477_IF68086" /></respcondition><respcondition title="Response Condition 4"><conditionvar><varequal respident="QUES_12433_17477_LID">QUES_12433_17477_A68087</varequal></conditionvar><setvar action="Set">0.000000000</setvar><displayfeedback feedbacktype="Response" linkrefid="QUES_12433_17477_IF68087" /></respcondition><respcondition title="Response Condition 5"><conditionvar><varequal respident="QUES_12433_17477_LID">QUES_12433_17477_A68088</varequal></conditionvar><setvar action="Set">0.000000000</setvar><displayfeedback feedbacktype="Response" linkrefid="QUES_12433_17477_IF68088" /></respcondition></resprocessing><itemfeedback ident="QUES_12433_17477_IF68084"><material><mattext texttype="text/plain" /></material></itemfeedback><itemfeedback ident="QUES_12433_17477_IF68085"><material><mattext texttype="text/plain" /></material></itemfeedback><itemfeedback ident="QUES_12433_17477_IF68086"><material><mattext texttype="text/plain" /></material></itemfeedback><itemfeedback ident="QUES_12433_17477_IF68087"><material><mattext texttype="text/plain" /></material></itemfeedback><itemfeedback ident="QUES_12433_17477_IF68088"><material><mattext texttype="text/plain" /></material></itemfeedback></item><item ident="OBJ_41934" label="QUES_12434_17478" d2l_2p0:page="1"><itemmetadata><qtimetadata><qti_metadatafield><fieldlabel>qmd_computerscored</fieldlabel><fieldentry>yes</fieldentry></qti_metadatafield><qti_metadatafield><fieldlabel>qmd_questiontype</fieldlabel><fieldentry>Multiple Choice</fieldentry></qti_metadatafield><qti_metadatafield><fieldlabel>qmd_globalid</fieldlabel><fieldentry>836b23b5-8504-4fab-a896-18948ea31a86</fieldentry></qti_metadatafield><qti_metadatafield><fieldlabel>qmd_displayid</fieldlabel><fieldentry>DDN237-DEV-EN-16</fieldentry></qti_metadatafield></qtimetadata></itemmetadata><itemproc_extension><d2l_2p0:difficulty>1</d2l_2p0:difficulty><d2l_2p0:isbonus>no</d2l_2p0:isbonus><d2l_2p0:ismandatory>no</d2l_2p0:ismandatory></itemproc_extension><presentation><flow><material><mattext texttype="text/html">&lt;p&gt;I have worked in the federal government for&lt;/p&gt;</mattext></material><response_extension><d2l_2p0:display_style>2</d2l_2p0:display_style><d2l_2p0:enumeration>6</d2l_2p0:enumeration><d2l_2p0:grading_type>0</d2l_2p0:grading_type></response_extension><response_lid ident="QUES_12434_17478_LID" rcardinality="Single"><render_choice shuffle="no"><flow_label class="Block"><response_label ident="QUES_12434_17478_A68089"><flow_mat><material><mattext texttype="text/html">&lt;p&gt;Less than one year&lt;/p&gt;</mattext></material></flow_mat></response_label></flow_label><flow_label class="Block"><response_label ident="QUES_12434_17478_A68090"><flow_mat><material><mattext texttype="text/html">&lt;p&gt;One to three years&lt;/p&gt;</mattext></material></flow_mat></response_label></flow_label><flow_label class="Block"><response_label ident="QUES_12434_17478_A68091"><flow_mat><material><mattext texttype="text/html">&lt;p&gt;Four to six years&lt;/p&gt;</mattext></material></flow_mat></response_label></flow_label><flow_label class="Block"><response_label ident="QUES_12434_17478_A68092"><flow_mat><material><mattext texttype="text/html">&lt;p&gt;Seven to nine years&lt;/p&gt;</mattext></material></flow_mat></response_label></flow_label><flow_label class="Block"><response_label ident="QUES_12434_17478_A68093"><flow_mat><material><mattext texttype="text/html">&lt;p&gt;10 years+&lt;/p&gt;</mattext></material></flow_mat></response_label></flow_label></render_choice></response_lid></flow></presentation><resprocessing><respcondition title="Response Condition 1"><conditionvar><varequal respident="QUES_12434_17478_LID">QUES_12434_17478_A68089</varequal></conditionvar><setvar action="Set">0.000000000</setvar><displayfeedback feedbacktype="Response" linkrefid="QUES_12434_17478_IF68089" /></respcondition><respcondition title="Response Condition 2"><conditionvar><varequal respident="QUES_12434_17478_LID">QUES_12434_17478_A68090</varequal></conditionvar><setvar action="Set">0.000000000</setvar><displayfeedback feedbacktype="Response" linkrefid="QUES_12434_17478_IF68090" /></respcondition><respcondition title="Response Condition 3"><conditionvar><varequal respident="QUES_12434_17478_LID">QUES_12434_17478_A68091</varequal></conditionvar><setvar action="Set">0.000000000</setvar><displayfeedback feedbacktype="Response" linkrefid="QUES_12434_17478_IF68091" /></respcondition><respcondition title="Response Condition 4"><conditionvar><varequal respident="QUES_12434_17478_LID">QUES_12434_17478_A68092</varequal></conditionvar><setvar action="Set">0.000000000</setvar><displayfeedback feedbacktype="Response" linkrefid="QUES_12434_17478_IF68092" /></respcondition><respcondition title="Response Condition 5"><conditionvar><varequal respident="QUES_12434_17478_LID">QUES_12434_17478_A68093</varequal></conditionvar><setvar action="Set">0.000000000</setvar><displayfeedback feedbacktype="Response" linkrefid="QUES_12434_17478_IF68093" /></respcondition></resprocessing><itemfeedback ident="QUES_12434_17478_IF68089"><material><mattext texttype="text/plain" /></material></itemfeedback><itemfeedback ident="QUES_12434_17478_IF68090"><material><mattext texttype="text/plain" /></material></itemfeedback><itemfeedback ident="QUES_12434_17478_IF68091"><material><mattext texttype="text/plain" /></material></itemfeedback><itemfeedback ident="QUES_12434_17478_IF68092"><material><mattext texttype="text/plain" /></material></itemfeedback><itemfeedback ident="QUES_12434_17478_IF68093"><material><mattext texttype="text/plain" /></material></itemfeedback></item><item ident="OBJ_41935" label="QUES_12435_17483" d2l_2p0:page="1"><itemmetadata><qtimetadata><qti_metadatafield><fieldlabel>qmd_computerscored</fieldlabel><fieldentry>yes</fieldentry></qti_metadatafield><qti_metadatafield><fieldlabel>qmd_questiontype</fieldlabel><fieldentry>Multiple Choice</fieldentry></qti_metadatafield><qti_metadatafield><fieldlabel>qmd_globalid</fieldlabel><fieldentry>2eb2b455-e732-49c3-9299-f210d176274f</fieldentry></qti_metadatafield><qti_metadatafield><fieldlabel>qmd_displayid</fieldlabel><fieldentry>DDN237-DEV-EN-20</fieldentry></qti_metadatafield></qtimetadata></itemmetadata><itemproc_extension><d2l_2p0:difficulty>1</d2l_2p0:difficulty><d2l_2p0:isbonus>no</d2l_2p0:isbonus><d2l_2p0:ismandatory>no</d2l_2p0:ismandatory></itemproc_extension><presentation><flow><material><mattext texttype="text/html">&lt;p&gt;The course met my expectations. (1 of 2)&lt;/p&gt;</mattext></material><response_extension><d2l_2p0:display_style>2</d2l_2p0:display_style><d2l_2p0:enumeration>6</d2l_2p0:enumeration><d2l_2p0:grading_type>0</d2l_2p0:grading_type></response_extension><response_lid ident="QUES_12435_17483_LID" rcardinality="Single"><render_choice shuffle="no"><flow_label class="Block"><response_label ident="QUES_12435_17483_A68123"><flow_mat><material><mattext texttype="text/html">&lt;p&gt;Totally disagree&lt;/p&gt;</mattext></material></flow_mat></response_label></flow_label><flow_label class="Block"><response_label ident="QUES_12435_17483_A68124"><flow_mat><material><mattext texttype="text/html">&lt;p&gt;Somewhat disagree&lt;/p&gt;</mattext></material></flow_mat></response_label></flow_label><flow_label class="Block"><response_label ident="QUES_12435_17483_A68125"><flow_mat><material><mattext texttype="text/html">&lt;p&gt;Somewhat agree&lt;/p&gt;</mattext></material></flow_mat></response_label></flow_label><flow_label class="Block"><response_label ident="QUES_12435_17483_A68126"><flow_mat><material><mattext texttype="text/html">&lt;p&gt;Totally agree&lt;/p&gt;</mattext></material></flow_mat></response_label></flow_label></render_choice></response_lid></flow></presentation><resprocessing><respcondition title="Response Condition 1"><conditionvar><varequal respident="QUES_12435_17483_LID">QUES_12435_17483_A68123</varequal></conditionvar><setvar action="Set">0.000000000</setvar><displayfeedback feedbacktype="Response" linkrefid="QUES_12435_17483_IF68123" /></respcondition><respcondition title="Response Condition 2"><conditionvar><varequal respident="QUES_12435_17483_LID">QUES_12435_17483_A68124</varequal></conditionvar><setvar action="Set">0.000000000</setvar><displayfeedback feedbacktype="Response" linkrefid="QUES_12435_17483_IF68124" /></respcondition><respcondition title="Response Condition 3"><conditionvar><varequal respident="QUES_12435_17483_LID">QUES_12435_17483_A68125</varequal></conditionvar><setvar action="Set">0.000000000</setvar><displayfeedback feedbacktype="Response" linkrefid="QUES_12435_17483_IF68125" /></respcondition><respcondition title="Response Condition 4"><conditionvar><varequal respident="QUES_12435_17483_LID">QUES_12435_17483_A68126</varequal></conditionvar><setvar action="Set">0.000000000</setvar><displayfeedback feedbacktype="Response" linkrefid="QUES_12435_17483_IF68126" /></respcondition></resprocessing><itemfeedback ident="QUES_12435_17483_IF68123"><material><mattext texttype="text/plain" /></material></itemfeedback><itemfeedback ident="QUES_12435_17483_IF68124"><material><mattext texttype="text/plain" /></material></itemfeedback><itemfeedback ident="QUES_12435_17483_IF68125"><material><mattext texttype="text/plain" /></material></itemfeedback><itemfeedback ident="QUES_12435_17483_IF68126"><material><mattext texttype="text/plain" /></material></itemfeedback></item><item ident="OBJ_41939" label="QUES_12439_17487" d2l_2p0:page="1"><itemmetadata><qtimetadata><qti_metadatafield><fieldlabel>qmd_computerscored</fieldlabel><fieldentry>yes</fieldentry></qti_metadatafield><qti_metadatafield><fieldlabel>qmd_questiontype</fieldlabel><fieldentry>Long Answer</fieldentry></qti_metadatafield><qti_metadatafield><fieldlabel>qmd_globalid</fieldlabel><fieldentry>7db6f3de-8644-450f-8b90-bdd044633033</fieldentry></qti_metadatafield><qti_metadatafield><fieldlabel>qmd_displayid</fieldlabel><fieldentry>DDN237-DEV-EN-25</fieldentry></qti_metadatafield></qtimetadata></itemmetadata><itemproc_extension><d2l_2p0:difficulty>1</d2l_2p0:difficulty><d2l_2p0:isbonus>no</d2l_2p0:isbonus><d2l_2p0:ismandatory>no</d2l_2p0:ismandatory></itemproc_extension><presentation><flow><material><mattext texttype="text/html">&lt;p&gt;The course met my expectations.&lt;/p&gt;
&lt;p&gt;Please comment on your answer. (2 of 2)&lt;/p&gt;</mattext></material><response_extension><d2l_2p0:has_signed_comments>no</d2l_2p0:has_signed_comments><d2l_2p0:has_htmleditor>no</d2l_2p0:has_htmleditor><d2l_2p0:has_fileupload>no</d2l_2p0:has_fileupload></response_extension><response_str ident="QUES_12439_17487_STR" rcardinality="Multiple"><render_fib rows="15" columns="100" prompt="Box" fibtype="String"><response_label ident="QUES_12439_17487_LA"><material><mattext texttype="text/plain" /></material></response_label></render_fib></response_str></flow></presentation></item><item ident="OBJ_41937" label="QUES_12437_17485" d2l_2p0:page="1"><itemmetadata><qtimetadata><qti_metadatafield><fieldlabel>qmd_computerscored</fieldlabel><fieldentry>yes</fieldentry></qti_metadatafield><qti_metadatafield><fieldlabel>qmd_questiontype</fieldlabel><fieldentry>Multiple Choice</fieldentry></qti_metadatafield><qti_metadatafield><fieldlabel>qmd_globalid</fieldlabel><fieldentry>b899ab25-2774-4d50-bec1-6a7d07bcd5fa</fieldentry></qti_metadatafield><qti_metadatafield><fieldlabel>qmd_displayid</fieldlabel><fieldentry>DDN237-DEV-EN-23</fieldentry></qti_metadatafield></qtimetadata></itemmetadata><itemproc_extension><d2l_2p0:difficulty>1</d2l_2p0:difficulty><d2l_2p0:isbonus>no</d2l_2p0:isbonus><d2l_2p0:ismandatory>no</d2l_2p0:ismandatory></itemproc_extension><presentation><flow><material><mattext texttype="text/html">&lt;p&gt;The course was logically organized. (1 of 2)&lt;/p&gt;</mattext></material><response_extension><d2l_2p0:display_style>2</d2l_2p0:display_style><d2l_2p0:enumeration>6</d2l_2p0:enumeration><d2l_2p0:grading_type>0</d2l_2p0:grading_type></response_extension><response_lid ident="QUES_12437_17485_LID" rcardinality="Single"><render_choice shuffle="no"><flow_label class="Block"><response_label ident="QUES_12437_17485_A68128"><flow_mat><material><mattext texttype="text/html">&lt;p&gt;Totally disagree&lt;/p&gt;</mattext></material></flow_mat></response_label></flow_label><flow_label class="Block"><response_label ident="QUES_12437_17485_A68129"><flow_mat><material><mattext texttype="text/html">&lt;p&gt;Somewhat disagree&lt;/p&gt;</mattext></material></flow_mat></response_label></flow_label><flow_label class="Block"><response_label ident="QUES_12437_17485_A68130"><flow_mat><material><mattext texttype="text/html">&lt;p&gt;Somewhat agree&lt;/p&gt;</mattext></material></flow_mat></response_label></flow_label><flow_label class="Block"><response_label ident="QUES_12437_17485_A68131"><flow_mat><material><mattext texttype="text/html">&lt;p&gt;Totally agree&lt;/p&gt;</mattext></material></flow_mat></response_label></flow_label></render_choice></response_lid></flow></presentation><resprocessing><respcondition title="Response Condition 1"><conditionvar><varequal respident="QUES_12437_17485_LID">QUES_12437_17485_A68128</varequal></conditionvar><setvar action="Set">0.000000000</setvar><displayfeedback feedbacktype="Response" linkrefid="QUES_12437_17485_IF68128" /></respcondition><respcondition title="Response Condition 2"><conditionvar><varequal respident="QUES_12437_17485_LID">QUES_12437_17485_A68129</varequal></conditionvar><setvar action="Set">0.000000000</setvar><displayfeedback feedbacktype="Response" linkrefid="QUES_12437_17485_IF68129" /></respcondition><respcondition title="Response Condition 3"><conditionvar><varequal respident="QUES_12437_17485_LID">QUES_12437_17485_A68130</varequal></conditionvar><setvar action="Set">0.000000000</setvar><displayfeedback feedbacktype="Response" linkrefid="QUES_12437_17485_IF68130" /></respcondition><respcondition title="Response Condition 4"><conditionvar><varequal respident="QUES_12437_17485_LID">QUES_12437_17485_A68131</varequal></conditionvar><setvar action="Set">0.000000000</setvar><displayfeedback feedbacktype="Response" linkrefid="QUES_12437_17485_IF68131" /></respcondition></resprocessing><itemfeedback ident="QUES_12437_17485_IF68128"><material><mattext texttype="text/plain" /></material></itemfeedback><itemfeedback ident="QUES_12437_17485_IF68129"><material><mattext texttype="text/plain" /></material></itemfeedback><itemfeedback ident="QUES_12437_17485_IF68130"><material><mattext texttype="text/plain" /></material></itemfeedback><itemfeedback ident="QUES_12437_17485_IF68131"><material><mattext texttype="text/plain" /></material></itemfeedback></item><item ident="OBJ_41938" label="QUES_12438_17486" d2l_2p0:page="1"><itemmetadata><qtimetadata><qti_metadatafield><fieldlabel>qmd_computerscored</fieldlabel><fieldentry>yes</fieldentry></qti_metadatafield><qti_metadatafield><fieldlabel>qmd_questiontype</fieldlabel><fieldentry>Long Answer</fieldentry></qti_metadatafield><qti_metadatafield><fieldlabel>qmd_globalid</fieldlabel><fieldentry>eb344583-6a8d-406b-b6d4-11a25aaa02e8</fieldentry></qti_metadatafield><qti_metadatafield><fieldlabel>qmd_displayid</fieldlabel><fieldentry>DDN237-DEV-EN-24</fieldentry></qti_metadatafield></qtimetadata></itemmetadata><itemproc_extension><d2l_2p0:difficulty>1</d2l_2p0:difficulty><d2l_2p0:isbonus>no</d2l_2p0:isbonus><d2l_2p0:ismandatory>no</d2l_2p0:ismandatory></itemproc_extension><presentation><flow><material><mattext texttype="text/html">&lt;p&gt;The course was logically organized.&lt;/p&gt;
&lt;p&gt;Please comment on your answer. (2 of 2)&lt;/p&gt;</mattext></material><response_extension><d2l_2p0:has_signed_comments>no</d2l_2p0:has_signed_comments><d2l_2p0:has_htmleditor>no</d2l_2p0:has_htmleditor><d2l_2p0:has_fileupload>no</d2l_2p0:has_fileupload></response_extension><response_str ident="QUES_12438_17486_STR" rcardinality="Multiple"><render_fib rows="15" columns="100" prompt="Box" fibtype="String"><response_label ident="QUES_12438_17486_LA"><material><mattext texttype="text/plain" /></material></response_label></render_fib></response_str></flow></presentation></item><item ident="OBJ_41940" label="QUES_12440_17488" d2l_2p0:page="1"><itemmetadata><qtimetadata><qti_metadatafield><fieldlabel>qmd_computerscored</fieldlabel><fieldentry>yes</fieldentry></qti_metadatafield><qti_metadatafield><fieldlabel>qmd_questiontype</fieldlabel><fieldentry>Multiple Choice</fieldentry></qti_metadatafield><qti_metadatafield><fieldlabel>qmd_globalid</fieldlabel><fieldentry>348eed4a-3024-4d10-9456-ce1ff7885095</fieldentry></qti_metadatafield><qti_metadatafield><fieldlabel>qmd_displayid</fieldlabel><fieldentry>DDN237-DEV-EN-26</fieldentry></qti_metadatafield></qtimetadata></itemmetadata><itemproc_extension><d2l_2p0:difficulty>1</d2l_2p0:difficulty><d2l_2p0:isbonus>no</d2l_2p0:isbonus><d2l_2p0:ismandatory>no</d2l_2p0:ismandatory></itemproc_extension><presentation><flow><material><mattext texttype="text/html">&lt;p&gt;The course increased my knowledge of tools that enable user-oriented thinking.&lt;/p&gt;</mattext></material><response_extension><d2l_2p0:display_style>2</d2l_2p0:display_style><d2l_2p0:enumeration>6</d2l_2p0:enumeration><d2l_2p0:grading_type>0</d2l_2p0:grading_type></response_extension><response_lid ident="QUES_12440_17488_LID" rcardinality="Single"><render_choice shuffle="no"><flow_label class="Block"><response_label ident="QUES_12440_17488_A68134"><flow_mat><material><mattext texttype="text/html">&lt;p&gt;Totally disagree&lt;/p&gt;</mattext></material></flow_mat></response_label></flow_label><flow_label class="Block"><response_label ident="QUES_12440_17488_A68135"><flow_mat><material><mattext texttype="text/html">&lt;p&gt;Somewhat disagree&lt;/p&gt;</mattext></material></flow_mat></response_label></flow_label><flow_label class="Block"><response_label ident="QUES_12440_17488_A68136"><flow_mat><material><mattext texttype="text/html">&lt;p&gt;Somewhat agree&lt;/p&gt;</mattext></material></flow_mat></response_label></flow_label><flow_label class="Block"><response_label ident="QUES_12440_17488_A68137"><flow_mat><material><mattext texttype="text/html">&lt;p&gt;Totally agree&lt;/p&gt;</mattext></material></flow_mat></response_label></flow_label></render_choice></response_lid></flow></presentation><resprocessing><respcondition title="Response Condition 1"><conditionvar><varequal respident="QUES_12440_17488_LID">QUES_12440_17488_A68134</varequal></conditionvar><setvar action="Set">0.000000000</setvar><displayfeedback feedbacktype="Response" linkrefid="QUES_12440_17488_IF68134" /></respcondition><respcondition title="Response Condition 2"><conditionvar><varequal respident="QUES_12440_17488_LID">QUES_12440_17488_A68135</varequal></conditionvar><setvar action="Set">0.000000000</setvar><displayfeedback feedbacktype="Response" linkrefid="QUES_12440_17488_IF68135" /></respcondition><respcondition title="Response Condition 3"><conditionvar><varequal respident="QUES_12440_17488_LID">QUES_12440_17488_A68136</varequal></conditionvar><setvar action="Set">0.000000000</setvar><displayfeedback feedbacktype="Response" linkrefid="QUES_12440_17488_IF68136" /></respcondition><respcondition title="Response Condition 4"><conditionvar><varequal respident="QUES_12440_17488_LID">QUES_12440_17488_A68137</varequal></conditionvar><setvar action="Set">0.000000000</setvar><displayfeedback feedbacktype="Response" linkrefid="QUES_12440_17488_IF68137" /></respcondition></resprocessing><itemfeedback ident="QUES_12440_17488_IF68134"><material><mattext texttype="text/plain" /></material></itemfeedback><itemfeedback ident="QUES_12440_17488_IF68135"><material><mattext texttype="text/plain" /></material></itemfeedback><itemfeedback ident="QUES_12440_17488_IF68136"><material><mattext texttype="text/plain" /></material></itemfeedback><itemfeedback ident="QUES_12440_17488_IF68137"><material><mattext texttype="text/plain" /></material></itemfeedback></item><item ident="OBJ_41941" label="QUES_12441_17489" d2l_2p0:page="1"><itemmetadata><qtimetadata><qti_metadatafield><fieldlabel>qmd_computerscored</fieldlabel><fieldentry>yes</fieldentry></qti_metadatafield><qti_metadatafield><fieldlabel>qmd_questiontype</fieldlabel><fieldentry>Multiple Choice</fieldentry></qti_metadatafield><qti_metadatafield><fieldlabel>qmd_globalid</fieldlabel><fieldentry>b5be05a6-47c0-4800-bb44-0818f19d91ed</fieldentry></qti_metadatafield><qti_metadatafield><fieldlabel>qmd_displayid</fieldlabel><fieldentry>DDN237-DEV-EN-27</fieldentry></qti_metadatafield></qtimetadata></itemmetadata><itemproc_extension><d2l_2p0:difficulty>1</d2l_2p0:difficulty><d2l_2p0:isbonus>no</d2l_2p0:isbonus><d2l_2p0:ismandatory>no</d2l_2p0:ismandatory></itemproc_extension><presentation><flow><material><mattext texttype="text/html">&lt;p&gt;The course helped me to be able to identify the situation, problem, or challenge to be addressed.&lt;/p&gt;</mattext></material><response_extension><d2l_2p0:display_style>2</d2l_2p0:display_style><d2l_2p0:enumeration>6</d2l_2p0:enumeration><d2l_2p0:grading_type>0</d2l_2p0:grading_type></response_extension><response_lid ident="QUES_12441_17489_LID" rcardinality="Single"><render_choice shuffle="no"><flow_label class="Block"><response_label ident="QUES_12441_17489_A68138"><flow_mat><material><mattext texttype="text/html">&lt;p&gt;Totally disagree&lt;/p&gt;</mattext></material></flow_mat></response_label></flow_label><flow_label class="Block"><response_label ident="QUES_12441_17489_A68139"><flow_mat><material><mattext texttype="text/html">&lt;p&gt;Somewhat disagree&lt;/p&gt;</mattext></material></flow_mat></response_label></flow_label><flow_label class="Block"><response_label ident="QUES_12441_17489_A68140"><flow_mat><material><mattext texttype="text/html">&lt;p&gt;Somewhat agree&lt;/p&gt;</mattext></material></flow_mat></response_label></flow_label><flow_label class="Block"><response_label ident="QUES_12441_17489_A68141"><flow_mat><material><mattext texttype="text/html">&lt;p&gt;Totally agree&lt;/p&gt;</mattext></material></flow_mat></response_label></flow_label></render_choice></response_lid></flow></presentation><resprocessing><respcondition title="Response Condition 1"><conditionvar><varequal respident="QUES_12441_17489_LID">QUES_12441_17489_A68138</varequal></conditionvar><setvar action="Set">0.000000000</setvar><displayfeedback feedbacktype="Response" linkrefid="QUES_12441_17489_IF68138" /></respcondition><respcondition title="Response Condition 2"><conditionvar><varequal respident="QUES_12441_17489_LID">QUES_12441_17489_A68139</varequal></conditionvar><setvar action="Set">0.000000000</setvar><displayfeedback feedbacktype="Response" linkrefid="QUES_12441_17489_IF68139" /></respcondition><respcondition title="Response Condition 3"><conditionvar><varequal respident="QUES_12441_17489_LID">QUES_12441_17489_A68140</varequal></conditionvar><setvar action="Set">0.000000000</setvar><displayfeedback feedbacktype="Response" linkrefid="QUES_12441_17489_IF68140" /></respcondition><respcondition title="Response Condition 4"><conditionvar><varequal respident="QUES_12441_17489_LID">QUES_12441_17489_A68141</varequal></conditionvar><setvar action="Set">0.000000000</setvar><displayfeedback feedbacktype="Response" linkrefid="QUES_12441_17489_IF68141" /></respcondition></resprocessing><itemfeedback ident="QUES_12441_17489_IF68138"><material><mattext texttype="text/plain" /></material></itemfeedback><itemfeedback ident="QUES_12441_17489_IF68139"><material><mattext texttype="text/plain" /></material></itemfeedback><itemfeedback ident="QUES_12441_17489_IF68140"><material><mattext texttype="text/plain" /></material></itemfeedback><itemfeedback ident="QUES_12441_17489_IF68141"><material><mattext texttype="text/plain" /></material></itemfeedback></item><item ident="OBJ_41942" label="QUES_12442_17490" d2l_2p0:page="1"><itemmetadata><qtimetadata><qti_metadatafield><fieldlabel>qmd_computerscored</fieldlabel><fieldentry>yes</fieldentry></qti_metadatafield><qti_metadatafield><fieldlabel>qmd_questiontype</fieldlabel><fieldentry>Multiple Choice</fieldentry></qti_metadatafield><qti_metadatafield><fieldlabel>qmd_globalid</fieldlabel><fieldentry>6a8e47de-ece9-49d9-8d27-d1978e72be66</fieldentry></qti_metadatafield><qti_metadatafield><fieldlabel>qmd_displayid</fieldlabel><fieldentry>DDN237-DEV-EN-28</fieldentry></qti_metadatafield></qtimetadata></itemmetadata><itemproc_extension><d2l_2p0:difficulty>1</d2l_2p0:difficulty><d2l_2p0:isbonus>no</d2l_2p0:isbonus><d2l_2p0:ismandatory>no</d2l_2p0:ismandatory></itemproc_extension><presentation><flow><material><mattext texttype="text/html">&lt;p&gt;The course helped me to be able to analyze the situation, problem, or challenge to be addressed.&lt;/p&gt;</mattext></material><response_extension><d2l_2p0:display_style>2</d2l_2p0:display_style><d2l_2p0:enumeration>6</d2l_2p0:enumeration><d2l_2p0:grading_type>0</d2l_2p0:grading_type></response_extension><response_lid ident="QUES_12442_17490_LID" rcardinality="Single"><render_choice shuffle="no"><flow_label class="Block"><response_label ident="QUES_12442_17490_A68142"><flow_mat><material><mattext texttype="text/html">&lt;p&gt;Totally disagree&lt;/p&gt;</mattext></material></flow_mat></response_label></flow_label><flow_label class="Block"><response_label ident="QUES_12442_17490_A68143"><flow_mat><material><mattext texttype="text/html">&lt;p&gt;Somewhat agree&lt;/p&gt;</mattext></material></flow_mat></response_label></flow_label><flow_label class="Block"><response_label ident="QUES_12442_17490_A68144"><flow_mat><material><mattext texttype="text/html">&lt;p&gt;Totally agree&lt;/p&gt;</mattext></material></flow_mat></response_label></flow_label></render_choice></response_lid></flow></presentation><resprocessing><respcondition title="Response Condition 1"><conditionvar><varequal respident="QUES_12442_17490_LID">QUES_12442_17490_A68142</varequal></conditionvar><setvar action="Set">0.000000000</setvar><displayfeedback feedbacktype="Response" linkrefid="QUES_12442_17490_IF68142" /></respcondition><respcondition title="Response Condition 2"><conditionvar><varequal respident="QUES_12442_17490_LID">QUES_12442_17490_A68143</varequal></conditionvar><setvar action="Set">0.000000000</setvar><displayfeedback feedbacktype="Response" linkrefid="QUES_12442_17490_IF68143" /></respcondition><respcondition title="Response Condition 3"><conditionvar><varequal respident="QUES_12442_17490_LID">QUES_12442_17490_A68144</varequal></conditionvar><setvar action="Set">0.000000000</setvar><displayfeedback feedbacktype="Response" linkrefid="QUES_12442_17490_IF68144" /></respcondition></resprocessing><itemfeedback ident="QUES_12442_17490_IF68142"><material><mattext texttype="text/plain" /></material></itemfeedback><itemfeedback ident="QUES_12442_17490_IF68143"><material><mattext texttype="text/plain" /></material></itemfeedback><itemfeedback ident="QUES_12442_17490_IF68144"><material><mattext texttype="text/plain" /></material></itemfeedback></item><item ident="OBJ_41943" label="QUES_12443_17491" d2l_2p0:page="1"><itemmetadata><qtimetadata><qti_metadatafield><fieldlabel>qmd_computerscored</fieldlabel><fieldentry>yes</fieldentry></qti_metadatafield><qti_metadatafield><fieldlabel>qmd_questiontype</fieldlabel><fieldentry>Multiple Choice</fieldentry></qti_metadatafield><qti_metadatafield><fieldlabel>qmd_globalid</fieldlabel><fieldentry>d4aacfdc-559b-473b-8c98-e57db03a066f</fieldentry></qti_metadatafield><qti_metadatafield><fieldlabel>qmd_displayid</fieldlabel><fieldentry>DDN237-DEV-EN-29</fieldentry></qti_metadatafield></qtimetadata></itemmetadata><itemproc_extension><d2l_2p0:difficulty>1</d2l_2p0:difficulty><d2l_2p0:isbonus>no</d2l_2p0:isbonus><d2l_2p0:ismandatory>no</d2l_2p0:ismandatory></itemproc_extension><presentation><flow><material><mattext texttype="text/html">&lt;p&gt;The course helped me to be able to define the boundaries of the solution space.&lt;/p&gt;</mattext></material><response_extension><d2l_2p0:display_style>2</d2l_2p0:display_style><d2l_2p0:enumeration>6</d2l_2p0:enumeration><d2l_2p0:grading_type>0</d2l_2p0:grading_type></response_extension><response_lid ident="QUES_12443_17491_LID" rcardinality="Single"><render_choice shuffle="no"><flow_label class="Block"><response_label ident="QUES_12443_17491_A68145"><flow_mat><material><mattext texttype="text/html">&lt;p&gt;Totally disagree&lt;/p&gt;</mattext></material></flow_mat></response_label></flow_label><flow_label class="Block"><response_label ident="QUES_12443_17491_A68146"><flow_mat><material><mattext texttype="text/html">&lt;p&gt;Somewhat disagree&lt;/p&gt;</mattext></material></flow_mat></response_label></flow_label><flow_label class="Block"><response_label ident="QUES_12443_17491_A68147"><flow_mat><material><mattext texttype="text/html">&lt;p&gt;Somewhat agree&lt;/p&gt;</mattext></material></flow_mat></response_label></flow_label><flow_label class="Block"><response_label ident="QUES_12443_17491_A68148"><flow_mat><material><mattext texttype="text/html">&lt;p&gt;Totally agree&lt;/p&gt;</mattext></material></flow_mat></response_label></flow_label></render_choice></response_lid></flow></presentation><resprocessing><respcondition title="Response Condition 1"><conditionvar><varequal respident="QUES_12443_17491_LID">QUES_12443_17491_A68145</varequal></conditionvar><setvar action="Set">0.000000000</setvar><displayfeedback feedbacktype="Response" linkrefid="QUES_12443_17491_IF68145" /></respcondition><respcondition title="Response Condition 2"><conditionvar><varequal respident="QUES_12443_17491_LID">QUES_12443_17491_A68146</varequal></conditionvar><setvar action="Set">0.000000000</setvar><displayfeedback feedbacktype="Response" linkrefid="QUES_12443_17491_IF68146" /></respcondition><respcondition title="Response Condition 3"><conditionvar><varequal respident="QUES_12443_17491_LID">QUES_12443_17491_A68147</varequal></conditionvar><setvar action="Set">0.000000000</setvar><displayfeedback feedbacktype="Response" linkrefid="QUES_12443_17491_IF68147" /></respcondition><respcondition title="Response Condition 4"><conditionvar><varequal respident="QUES_12443_17491_LID">QUES_12443_17491_A68148</varequal></conditionvar><setvar action="Set">0.000000000</setvar><displayfeedback feedbacktype="Response" linkrefid="QUES_12443_17491_IF68148" /></respcondition></resprocessing><itemfeedback ident="QUES_12443_17491_IF68145"><material><mattext texttype="text/plain" /></material></itemfeedback><itemfeedback ident="QUES_12443_17491_IF68146"><material><mattext texttype="text/plain" /></material></itemfeedback><itemfeedback ident="QUES_12443_17491_IF68147"><material><mattext texttype="text/plain" /></material></itemfeedback><itemfeedback ident="QUES_12443_17491_IF68148"><material><mattext texttype="text/plain" /></material></itemfeedback></item><item ident="OBJ_41944" label="QUES_12444_17492" d2l_2p0:page="1"><itemmetadata><qtimetadata><qti_metadatafield><fieldlabel>qmd_computerscored</fieldlabel><fieldentry>yes</fieldentry></qti_metadatafield><qti_metadatafield><fieldlabel>qmd_questiontype</fieldlabel><fieldentry>Multiple Choice</fieldentry></qti_metadatafield><qti_metadatafield><fieldlabel>qmd_globalid</fieldlabel><fieldentry>12914430-fa73-45f5-a36a-67ce9a092120</fieldentry></qti_metadatafield><qti_metadatafield><fieldlabel>qmd_displayid</fieldlabel><fieldentry>DDN237-DEV-EN-30</fieldentry></qti_metadatafield></qtimetadata></itemmetadata><itemproc_extension><d2l_2p0:difficulty>1</d2l_2p0:difficulty><d2l_2p0:isbonus>no</d2l_2p0:isbonus><d2l_2p0:ismandatory>no</d2l_2p0:ismandatory></itemproc_extension><presentation><flow><material><mattext texttype="text/html">&lt;p&gt;The course provided me tools to help identify any assumptions about users and other stakeholders and gaps in my knowledge I might have.&lt;/p&gt;</mattext></material><response_extension><d2l_2p0:display_style>2</d2l_2p0:display_style><d2l_2p0:enumeration>6</d2l_2p0:enumeration><d2l_2p0:grading_type>0</d2l_2p0:grading_type></response_extension><response_lid ident="QUES_12444_17492_LID" rcardinality="Single"><render_choice shuffle="no"><flow_label class="Block"><response_label ident="QUES_12444_17492_A68149"><flow_mat><material><mattext texttype="text/html">&lt;p&gt;Totally disagree&lt;/p&gt;</mattext></material></flow_mat></response_label></flow_label><flow_label class="Block"><response_label ident="QUES_12444_17492_A68150"><flow_mat><material><mattext texttype="text/html">&lt;p&gt;Somewhat disagree&lt;/p&gt;</mattext></material></flow_mat></response_label></flow_label><flow_label class="Block"><response_label ident="QUES_12444_17492_A68151"><flow_mat><material><mattext texttype="text/html">&lt;p&gt;Somewhat agree&lt;/p&gt;</mattext></material></flow_mat></response_label></flow_label><flow_label class="Block"><response_label ident="QUES_12444_17492_A68152"><flow_mat><material><mattext texttype="text/html">&lt;p&gt;Totally agree&lt;/p&gt;</mattext></material></flow_mat></response_label></flow_label></render_choice></response_lid></flow></presentation><resprocessing><respcondition title="Response Condition 1"><conditionvar><varequal respident="QUES_12444_17492_LID">QUES_12444_17492_A68149</varequal></conditionvar><setvar action="Set">0.000000000</setvar><displayfeedback feedbacktype="Response" linkrefid="QUES_12444_17492_IF68149" /></respcondition><respcondition title="Response Condition 2"><conditionvar><varequal respident="QUES_12444_17492_LID">QUES_12444_17492_A68150</varequal></conditionvar><setvar action="Set">0.000000000</setvar><displayfeedback feedbacktype="Response" linkrefid="QUES_12444_17492_IF68150" /></respcondition><respcondition title="Response Condition 3"><conditionvar><varequal respident="QUES_12444_17492_LID">QUES_12444_17492_A68151</varequal></conditionvar><setvar action="Set">0.000000000</setvar><displayfeedback feedbacktype="Response" linkrefid="QUES_12444_17492_IF68151" /></respcondition><respcondition title="Response Condition 4"><conditionvar><varequal respident="QUES_12444_17492_LID">QUES_12444_17492_A68152</varequal></conditionvar><setvar action="Set">0.000000000</setvar><displayfeedback feedbacktype="Response" linkrefid="QUES_12444_17492_IF68152" /></respcondition></resprocessing><itemfeedback ident="QUES_12444_17492_IF68149"><material><mattext texttype="text/plain" /></material></itemfeedback><itemfeedback ident="QUES_12444_17492_IF68150"><material><mattext texttype="text/plain" /></material></itemfeedback><itemfeedback ident="QUES_12444_17492_IF68151"><material><mattext texttype="text/plain" /></material></itemfeedback><itemfeedback ident="QUES_12444_17492_IF68152"><material><mattext texttype="text/plain" /></material></itemfeedback></item><item ident="OBJ_41945" label="QUES_12445_17493" d2l_2p0:page="1"><itemmetadata><qtimetadata><qti_metadatafield><fieldlabel>qmd_computerscored</fieldlabel><fieldentry>yes</fieldentry></qti_metadatafield><qti_metadatafield><fieldlabel>qmd_questiontype</fieldlabel><fieldentry>Multiple Choice</fieldentry></qti_metadatafield><qti_metadatafield><fieldlabel>qmd_globalid</fieldlabel><fieldentry>caf7cf77-77cc-4882-b0be-7e73f0402ef2</fieldentry></qti_metadatafield><qti_metadatafield><fieldlabel>qmd_displayid</fieldlabel><fieldentry>DDN237-DEV-EN-31</fieldentry></qti_metadatafield></qtimetadata></itemmetadata><itemproc_extension><d2l_2p0:difficulty>1</d2l_2p0:difficulty><d2l_2p0:isbonus>no</d2l_2p0:isbonus><d2l_2p0:ismandatory>no</d2l_2p0:ismandatory></itemproc_extension><presentation><flow><material><mattext texttype="text/html">&lt;p&gt;The quiz at the end helped me to learn from my mistakes.&lt;/p&gt;</mattext></material><response_extension><d2l_2p0:display_style>2</d2l_2p0:display_style><d2l_2p0:enumeration>6</d2l_2p0:enumeration><d2l_2p0:grading_type>0</d2l_2p0:grading_type></response_extension><response_lid ident="QUES_12445_17493_LID" rcardinality="Single"><render_choice shuffle="no"><flow_label class="Block"><response_label ident="QUES_12445_17493_A68153"><flow_mat><material><mattext texttype="text/html">&lt;p&gt;Totally disagree&lt;/p&gt;</mattext></material></flow_mat></response_label></flow_label><flow_label class="Block"><response_label ident="QUES_12445_17493_A68154"><flow_mat><material><mattext texttype="text/html">&lt;p&gt;Somewhat disagree&lt;/p&gt;</mattext></material></flow_mat></response_label></flow_label><flow_label class="Block"><response_label ident="QUES_12445_17493_A68155"><flow_mat><material><mattext texttype="text/html">&lt;p&gt;Somewhat agree&lt;/p&gt;</mattext></material></flow_mat></response_label></flow_label><flow_label class="Block"><response_label ident="QUES_12445_17493_A68156"><flow_mat><material><mattext texttype="text/html">&lt;p&gt;Totally agree&lt;/p&gt;</mattext></material></flow_mat></response_label></flow_label><flow_label class="Block"><response_label ident="QUES_12445_17493_A68157"><flow_mat><material><mattext texttype="text/html">&lt;p&gt;Not applicable&lt;/p&gt;</mattext></material></flow_mat></response_label></flow_label></render_choice></response_lid></flow></presentation><resprocessing><respcondition title="Response Condition 1"><conditionvar><varequal respident="QUES_12445_17493_LID">QUES_12445_17493_A68153</varequal></conditionvar><setvar action="Set">0.000000000</setvar><displayfeedback feedbacktype="Response" linkrefid="QUES_12445_17493_IF68153" /></respcondition><respcondition title="Response Condition 2"><conditionvar><varequal respident="QUES_12445_17493_LID">QUES_12445_17493_A68154</varequal></conditionvar><setvar action="Set">0.000000000</setvar><displayfeedback feedbacktype="Response" linkrefid="QUES_12445_17493_IF68154" /></respcondition><respcondition title="Response Condition 3"><conditionvar><varequal respident="QUES_12445_17493_LID">QUES_12445_17493_A68155</varequal></conditionvar><setvar action="Set">0.000000000</setvar><displayfeedback feedbacktype="Response" linkrefid="QUES_12445_17493_IF68155" /></respcondition><respcondition title="Response Condition 4"><conditionvar><varequal respident="QUES_12445_17493_LID">QUES_12445_17493_A68156</varequal></conditionvar><setvar action="Set">0.000000000</setvar><displayfeedback feedbacktype="Response" linkrefid="QUES_12445_17493_IF68156" /></respcondition><respcondition title="Response Condition 5"><conditionvar><varequal respident="QUES_12445_17493_LID">QUES_12445_17493_A68157</varequal></conditionvar><setvar action="Set">0.000000000</setvar><displayfeedback feedbacktype="Response" linkrefid="QUES_12445_17493_IF68157" /></respcondition></resprocessing><itemfeedback ident="QUES_12445_17493_IF68153"><material><mattext texttype="text/plain" /></material></itemfeedback><itemfeedback ident="QUES_12445_17493_IF68154"><material><mattext texttype="text/plain" /></material></itemfeedback><itemfeedback ident="QUES_12445_17493_IF68155"><material><mattext texttype="text/plain" /></material></itemfeedback><itemfeedback ident="QUES_12445_17493_IF68156"><material><mattext texttype="text/plain" /></material></itemfeedback><itemfeedback ident="QUES_12445_17493_IF68157"><material><mattext texttype="text/plain" /></material></itemfeedback></item><item ident="OBJ_41946" label="QUES_12446_17494" d2l_2p0:page="1"><itemmetadata><qtimetadata><qti_metadatafield><fieldlabel>qmd_computerscored</fieldlabel><fieldentry>yes</fieldentry></qti_metadatafield><qti_metadatafield><fieldlabel>qmd_questiontype</fieldlabel><fieldentry>Multiple Choice</fieldentry></qti_metadatafield><qti_metadatafield><fieldlabel>qmd_globalid</fieldlabel><fieldentry>245b6792-8a39-4fcb-9d00-dac0cfe7e49c</fieldentry></qti_metadatafield><qti_metadatafield><fieldlabel>qmd_displayid</fieldlabel><fieldentry>DDN237-DEV-EN-32</fieldentry></qti_metadatafield></qtimetadata></itemmetadata><itemproc_extension><d2l_2p0:difficulty>1</d2l_2p0:difficulty><d2l_2p0:isbonus>no</d2l_2p0:isbonus><d2l_2p0:ismandatory>no</d2l_2p0:ismandatory></itemproc_extension><presentation><flow><material><mattext texttype="text/html">&lt;p&gt;The Department of Fisheries and Oceans case study showed me how Problem Framing methods can be used in a government context.&lt;/p&gt;</mattext></material><response_extension><d2l_2p0:display_style>2</d2l_2p0:display_style><d2l_2p0:enumeration>6</d2l_2p0:enumeration><d2l_2p0:grading_type>0</d2l_2p0:grading_type></response_extension><response_lid ident="QUES_12446_17494_LID" rcardinality="Single"><render_choice shuffle="no"><flow_label class="Block"><response_label ident="QUES_12446_17494_A68158"><flow_mat><material><mattext texttype="text/html">&lt;p&gt;Totally disagree&lt;/p&gt;</mattext></material></flow_mat></response_label></flow_label><flow_label class="Block"><response_label ident="QUES_12446_17494_A68159"><flow_mat><material><mattext texttype="text/html">&lt;p&gt;Somewhat disagree&lt;/p&gt;</mattext></material></flow_mat></response_label></flow_label><flow_label class="Block"><response_label ident="QUES_12446_17494_A68160"><flow_mat><material><mattext texttype="text/html">&lt;p&gt;Somewhat agree&lt;/p&gt;</mattext></material></flow_mat></response_label></flow_label><flow_label class="Block"><response_label ident="QUES_12446_17494_A68161"><flow_mat><material><mattext texttype="text/html">&lt;p&gt;Totally agree&lt;/p&gt;</mattext></material></flow_mat></response_label></flow_label></render_choice></response_lid></flow></presentation><resprocessing><respcondition title="Response Condition 1"><conditionvar><varequal respident="QUES_12446_17494_LID">QUES_12446_17494_A68158</varequal></conditionvar><setvar action="Set">0.000000000</setvar><displayfeedback feedbacktype="Response" linkrefid="QUES_12446_17494_IF68158" /></respcondition><respcondition title="Response Condition 2"><conditionvar><varequal respident="QUES_12446_17494_LID">QUES_12446_17494_A68159</varequal></conditionvar><setvar action="Set">0.000000000</setvar><displayfeedback feedbacktype="Response" linkrefid="QUES_12446_17494_IF68159" /></respcondition><respcondition title="Response Condition 3"><conditionvar><varequal respident="QUES_12446_17494_LID">QUES_12446_17494_A68160</varequal></conditionvar><setvar action="Set">0.000000000</setvar><displayfeedback feedbacktype="Response" linkrefid="QUES_12446_17494_IF68160" /></respcondition><respcondition title="Response Condition 4"><conditionvar><varequal respident="QUES_12446_17494_LID">QUES_12446_17494_A68161</varequal></conditionvar><setvar action="Set">0.000000000</setvar><displayfeedback feedbacktype="Response" linkrefid="QUES_12446_17494_IF68161" /></respcondition></resprocessing><itemfeedback ident="QUES_12446_17494_IF68158"><material><mattext texttype="text/plain" /></material></itemfeedback><itemfeedback ident="QUES_12446_17494_IF68159"><material><mattext texttype="text/plain" /></material></itemfeedback><itemfeedback ident="QUES_12446_17494_IF68160"><material><mattext texttype="text/plain" /></material></itemfeedback><itemfeedback ident="QUES_12446_17494_IF68161"><material><mattext texttype="text/plain" /></material></itemfeedback></item><item ident="OBJ_41947" label="QUES_12447_17495" d2l_2p0:page="1"><itemmetadata><qtimetadata><qti_metadatafield><fieldlabel>qmd_computerscored</fieldlabel><fieldentry>yes</fieldentry></qti_metadatafield><qti_metadatafield><fieldlabel>qmd_questiontype</fieldlabel><fieldentry>Multiple Choice</fieldentry></qti_metadatafield><qti_metadatafield><fieldlabel>qmd_globalid</fieldlabel><fieldentry>d59b77f8-a64d-47a8-9ed0-39749101be2b</fieldentry></qti_metadatafield><qti_metadatafield><fieldlabel>qmd_displayid</fieldlabel><fieldentry>DDN237-DEV-EN-33</fieldentry></qti_metadatafield></qtimetadata></itemmetadata><itemproc_extension><d2l_2p0:difficulty>1</d2l_2p0:difficulty><d2l_2p0:isbonus>no</d2l_2p0:isbonus><d2l_2p0:ismandatory>no</d2l_2p0:ismandatory></itemproc_extension><presentation><flow><material><mattext texttype="text/html">&lt;p&gt;The Department of Fisheries and Oceans case study was relatable.&lt;/p&gt;</mattext></material><response_extension><d2l_2p0:display_style>2</d2l_2p0:display_style><d2l_2p0:enumeration>6</d2l_2p0:enumeration><d2l_2p0:grading_type>0</d2l_2p0:grading_type></response_extension><response_lid ident="QUES_12447_17495_LID" rcardinality="Single"><render_choice shuffle="no"><flow_label class="Block"><response_label ident="QUES_12447_17495_A68162"><flow_mat><material><mattext texttype="text/html">&lt;p&gt;Totally disagree&lt;/p&gt;</mattext></material></flow_mat></response_label></flow_label><flow_label class="Block"><response_label ident="QUES_12447_17495_A68163"><flow_mat><material><mattext texttype="text/html">&lt;p&gt;Somewhat disagree&lt;/p&gt;</mattext></material></flow_mat></response_label></flow_label><flow_label class="Block"><response_label ident="QUES_12447_17495_A68164"><flow_mat><material><mattext texttype="text/html">&lt;p&gt;Somewhat agree&lt;/p&gt;</mattext></material></flow_mat></response_label></flow_label><flow_label class="Block"><response_label ident="QUES_12447_17495_A68165"><flow_mat><material><mattext texttype="text/html">&lt;p&gt;Totally agree&lt;/p&gt;</mattext></material></flow_mat></response_label></flow_label></render_choice></response_lid></flow></presentation><resprocessing><respcondition title="Response Condition 1"><conditionvar><varequal respident="QUES_12447_17495_LID">QUES_12447_17495_A68162</varequal></conditionvar><setvar action="Set">0.000000000</setvar><displayfeedback feedbacktype="Response" linkrefid="QUES_12447_17495_IF68162" /></respcondition><respcondition title="Response Condition 2"><conditionvar><varequal respident="QUES_12447_17495_LID">QUES_12447_17495_A68163</varequal></conditionvar><setvar action="Set">0.000000000</setvar><displayfeedback feedbacktype="Response" linkrefid="QUES_12447_17495_IF68163" /></respcondition><respcondition title="Response Condition 3"><conditionvar><varequal respident="QUES_12447_17495_LID">QUES_12447_17495_A68164</varequal></conditionvar><setvar action="Set">0.000000000</setvar><displayfeedback feedbacktype="Response" linkrefid="QUES_12447_17495_IF68164" /></respcondition><respcondition title="Response Condition 4"><conditionvar><varequal respident="QUES_12447_17495_LID">QUES_12447_17495_A68165</varequal></conditionvar><setvar action="Set">0.000000000</setvar><displayfeedback feedbacktype="Response" linkrefid="QUES_12447_17495_IF68165" /></respcondition></resprocessing><itemfeedback ident="QUES_12447_17495_IF68162"><material><mattext texttype="text/plain" /></material></itemfeedback><itemfeedback ident="QUES_12447_17495_IF68163"><material><mattext texttype="text/plain" /></material></itemfeedback><itemfeedback ident="QUES_12447_17495_IF68164"><material><mattext texttype="text/plain" /></material></itemfeedback><itemfeedback ident="QUES_12447_17495_IF68165"><material><mattext texttype="text/plain" /></material></itemfeedback></item><item ident="OBJ_41948" label="QUES_12448_17496" d2l_2p0:page="1"><itemmetadata><qtimetadata><qti_metadatafield><fieldlabel>qmd_computerscored</fieldlabel><fieldentry>yes</fieldentry></qti_metadatafield><qti_metadatafield><fieldlabel>qmd_questiontype</fieldlabel><fieldentry>Multiple Choice</fieldentry></qti_metadatafield><qti_metadatafield><fieldlabel>qmd_globalid</fieldlabel><fieldentry>8bcae1a3-84a2-4e58-b462-f1e92d4a5198</fieldentry></qti_metadatafield><qti_metadatafield><fieldlabel>qmd_displayid</fieldlabel><fieldentry>DDN237-DEV-EN-34</fieldentry></qti_metadatafield></qtimetadata></itemmetadata><itemproc_extension><d2l_2p0:difficulty>1</d2l_2p0:difficulty><d2l_2p0:isbonus>no</d2l_2p0:isbonus><d2l_2p0:ismandatory>no</d2l_2p0:ismandatory></itemproc_extension><presentation><flow><material><mattext texttype="text/html">&lt;p&gt;After the course, I feel like I learned from my peers at the Department of Fisheries and Oceans.&lt;/p&gt;</mattext></material><response_extension><d2l_2p0:display_style>2</d2l_2p0:display_style><d2l_2p0:enumeration>6</d2l_2p0:enumeration><d2l_2p0:grading_type>0</d2l_2p0:grading_type></response_extension><response_lid ident="QUES_12448_17496_LID" rcardinality="Single"><render_choice shuffle="no"><flow_label class="Block"><response_label ident="QUES_12448_17496_A68166"><flow_mat><material><mattext texttype="text/html">&lt;p&gt;Totally disagree&lt;/p&gt;</mattext></material></flow_mat></response_label></flow_label><flow_label class="Block"><response_label ident="QUES_12448_17496_A68167"><flow_mat><material><mattext texttype="text/html">&lt;p&gt;Somewhat disagree&lt;/p&gt;</mattext></material></flow_mat></response_label></flow_label><flow_label class="Block"><response_label ident="QUES_12448_17496_A68168"><flow_mat><material><mattext texttype="text/html">&lt;p&gt;Somewhat agree&lt;/p&gt;</mattext></material></flow_mat></response_label></flow_label><flow_label class="Block"><response_label ident="QUES_12448_17496_A68169"><flow_mat><material><mattext texttype="text/html">&lt;p&gt;Totally agree&lt;/p&gt;</mattext></material></flow_mat></response_label></flow_label></render_choice></response_lid></flow></presentation><resprocessing><respcondition title="Response Condition 1"><conditionvar><varequal respident="QUES_12448_17496_LID">QUES_12448_17496_A68166</varequal></conditionvar><setvar action="Set">0.000000000</setvar><displayfeedback feedbacktype="Response" linkrefid="QUES_12448_17496_IF68166" /></respcondition><respcondition title="Response Condition 2"><conditionvar><varequal respident="QUES_12448_17496_LID">QUES_12448_17496_A68167</varequal></conditionvar><setvar action="Set">0.000000000</setvar><displayfeedback feedbacktype="Response" linkrefid="QUES_12448_17496_IF68167" /></respcondition><respcondition title="Response Condition 3"><conditionvar><varequal respident="QUES_12448_17496_LID">QUES_12448_17496_A68168</varequal></conditionvar><setvar action="Set">0.000000000</setvar><displayfeedback feedbacktype="Response" linkrefid="QUES_12448_17496_IF68168" /></respcondition><respcondition title="Response Condition 4"><conditionvar><varequal respident="QUES_12448_17496_LID">QUES_12448_17496_A68169</varequal></conditionvar><setvar action="Set">0.000000000</setvar><displayfeedback feedbacktype="Response" linkrefid="QUES_12448_17496_IF68169" /></respcondition></resprocessing><itemfeedback ident="QUES_12448_17496_IF68166"><material><mattext texttype="text/plain" /></material></itemfeedback><itemfeedback ident="QUES_12448_17496_IF68167"><material><mattext texttype="text/plain" /></material></itemfeedback><itemfeedback ident="QUES_12448_17496_IF68168"><material><mattext texttype="text/plain" /></material></itemfeedback><itemfeedback ident="QUES_12448_17496_IF68169"><material><mattext texttype="text/plain" /></material></itemfeedback></item><item ident="OBJ_41949" label="QUES_12449_17497" d2l_2p0:page="1"><itemmetadata><qtimetadata><qti_metadatafield><fieldlabel>qmd_computerscored</fieldlabel><fieldentry>yes</fieldentry></qti_metadatafield><qti_metadatafield><fieldlabel>qmd_questiontype</fieldlabel><fieldentry>Multiple Choice</fieldentry></qti_metadatafield><qti_metadatafield><fieldlabel>qmd_globalid</fieldlabel><fieldentry>998536a2-b9b6-4dd1-bf98-0e37873a815f</fieldentry></qti_metadatafield><qti_metadatafield><fieldlabel>qmd_displayid</fieldlabel><fieldentry>DDN237-DEV-EN-35</fieldentry></qti_metadatafield></qtimetadata></itemmetadata><itemproc_extension><d2l_2p0:difficulty>1</d2l_2p0:difficulty><d2l_2p0:isbonus>no</d2l_2p0:isbonus><d2l_2p0:ismandatory>no</d2l_2p0:ismandatory></itemproc_extension><presentation><flow><material><mattext texttype="text/html">&lt;p&gt;The Department of Fisheries and Oceans case study enhanced my learning.&lt;/p&gt;</mattext></material><response_extension><d2l_2p0:display_style>2</d2l_2p0:display_style><d2l_2p0:enumeration>6</d2l_2p0:enumeration><d2l_2p0:grading_type>0</d2l_2p0:grading_type></response_extension><response_lid ident="QUES_12449_17497_LID" rcardinality="Single"><render_choice shuffle="no"><flow_label class="Block"><response_label ident="QUES_12449_17497_A68170"><flow_mat><material><mattext texttype="text/html">&lt;p&gt;Totally disagree&lt;/p&gt;</mattext></material></flow_mat></response_label></flow_label><flow_label class="Block"><response_label ident="QUES_12449_17497_A68171"><flow_mat><material><mattext texttype="text/html">&lt;p&gt;Somewhat disagree&lt;/p&gt;</mattext></material></flow_mat></response_label></flow_label><flow_label class="Block"><response_label ident="QUES_12449_17497_A68172"><flow_mat><material><mattext texttype="text/html">&lt;p&gt;Somewhat agree&lt;/p&gt;</mattext></material></flow_mat></response_label></flow_label><flow_label class="Block"><response_label ident="QUES_12449_17497_A68173"><flow_mat><material><mattext texttype="text/html">&lt;p&gt;Totally agree&lt;/p&gt;</mattext></material></flow_mat></response_label></flow_label></render_choice></response_lid></flow></presentation><resprocessing><respcondition title="Response Condition 1"><conditionvar><varequal respident="QUES_12449_17497_LID">QUES_12449_17497_A68170</varequal></conditionvar><setvar action="Set">0.000000000</setvar><displayfeedback feedbacktype="Response" linkrefid="QUES_12449_17497_IF68170" /></respcondition><respcondition title="Response Condition 2"><conditionvar><varequal respident="QUES_12449_17497_LID">QUES_12449_17497_A68171</varequal></conditionvar><setvar action="Set">0.000000000</setvar><displayfeedback feedbacktype="Response" linkrefid="QUES_12449_17497_IF68171" /></respcondition><respcondition title="Response Condition 3"><conditionvar><varequal respident="QUES_12449_17497_LID">QUES_12449_17497_A68172</varequal></conditionvar><setvar action="Set">0.000000000</setvar><displayfeedback feedbacktype="Response" linkrefid="QUES_12449_17497_IF68172" /></respcondition><respcondition title="Response Condition 4"><conditionvar><varequal respident="QUES_12449_17497_LID">QUES_12449_17497_A68173</varequal></conditionvar><setvar action="Set">0.000000000</setvar><displayfeedback feedbacktype="Response" linkrefid="QUES_12449_17497_IF68173" /></respcondition></resprocessing><itemfeedback ident="QUES_12449_17497_IF68170"><material><mattext texttype="text/plain" /></material></itemfeedback><itemfeedback ident="QUES_12449_17497_IF68171"><material><mattext texttype="text/plain" /></material></itemfeedback><itemfeedback ident="QUES_12449_17497_IF68172"><material><mattext texttype="text/plain" /></material></itemfeedback><itemfeedback ident="QUES_12449_17497_IF68173"><material><mattext texttype="text/plain" /></material></itemfeedback></item><item ident="OBJ_41950" label="QUES_12450_17498" d2l_2p0:page="1"><itemmetadata><qtimetadata><qti_metadatafield><fieldlabel>qmd_computerscored</fieldlabel><fieldentry>yes</fieldentry></qti_metadatafield><qti_metadatafield><fieldlabel>qmd_questiontype</fieldlabel><fieldentry>Multiple Choice</fieldentry></qti_metadatafield><qti_metadatafield><fieldlabel>qmd_globalid</fieldlabel><fieldentry>3bf7b2b0-fdb9-4770-9a15-d4527ac2f158</fieldentry></qti_metadatafield><qti_metadatafield><fieldlabel>qmd_displayid</fieldlabel><fieldentry>DDN237-DEV-EN-36</fieldentry></qti_metadatafield></qtimetadata></itemmetadata><itemproc_extension><d2l_2p0:difficulty>1</d2l_2p0:difficulty><d2l_2p0:isbonus>no</d2l_2p0:isbonus><d2l_2p0:ismandatory>no</d2l_2p0:ismandatory></itemproc_extension><presentation><flow><material><mattext texttype="text/html">&lt;p&gt;The instructor-graded assignment helped me to feel confident writing point-of-view problem statements.&lt;/p&gt;</mattext></material><response_extension><d2l_2p0:display_style>2</d2l_2p0:display_style><d2l_2p0:enumeration>6</d2l_2p0:enumeration><d2l_2p0:grading_type>0</d2l_2p0:grading_type></response_extension><response_lid ident="QUES_12450_17498_LID" rcardinality="Single"><render_choice shuffle="no"><flow_label class="Block"><response_label ident="QUES_12450_17498_A68174"><flow_mat><material><mattext texttype="text/html">&lt;p&gt;Totally disagree&lt;/p&gt;</mattext></material></flow_mat></response_label></flow_label><flow_label class="Block"><response_label ident="QUES_12450_17498_A68175"><flow_mat><material><mattext texttype="text/html">&lt;p&gt;Somewhat disagree&lt;/p&gt;</mattext></material></flow_mat></response_label></flow_label><flow_label class="Block"><response_label ident="QUES_12450_17498_A68176"><flow_mat><material><mattext texttype="text/html">&lt;p&gt;Somewhat agree&lt;/p&gt;</mattext></material></flow_mat></response_label></flow_label><flow_label class="Block"><response_label ident="QUES_12450_17498_A68177"><flow_mat><material><mattext texttype="text/html">&lt;p&gt;Totally agree&lt;/p&gt;</mattext></material></flow_mat></response_label></flow_label></render_choice></response_lid></flow></presentation><resprocessing><respcondition title="Response Condition 1"><conditionvar><varequal respident="QUES_12450_17498_LID">QUES_12450_17498_A68174</varequal></conditionvar><setvar action="Set">0.000000000</setvar><displayfeedback feedbacktype="Response" linkrefid="QUES_12450_17498_IF68174" /></respcondition><respcondition title="Response Condition 2"><conditionvar><varequal respident="QUES_12450_17498_LID">QUES_12450_17498_A68175</varequal></conditionvar><setvar action="Set">0.000000000</setvar><displayfeedback feedbacktype="Response" linkrefid="QUES_12450_17498_IF68175" /></respcondition><respcondition title="Response Condition 3"><conditionvar><varequal respident="QUES_12450_17498_LID">QUES_12450_17498_A68176</varequal></conditionvar><setvar action="Set">0.000000000</setvar><displayfeedback feedbacktype="Response" linkrefid="QUES_12450_17498_IF68176" /></respcondition><respcondition title="Response Condition 4"><conditionvar><varequal respident="QUES_12450_17498_LID">QUES_12450_17498_A68177</varequal></conditionvar><setvar action="Set">0.000000000</setvar><displayfeedback feedbacktype="Response" linkrefid="QUES_12450_17498_IF68177" /></respcondition></resprocessing><itemfeedback ident="QUES_12450_17498_IF68174"><material><mattext texttype="text/plain" /></material></itemfeedback><itemfeedback ident="QUES_12450_17498_IF68175"><material><mattext texttype="text/plain" /></material></itemfeedback><itemfeedback ident="QUES_12450_17498_IF68176"><material><mattext texttype="text/plain" /></material></itemfeedback><itemfeedback ident="QUES_12450_17498_IF68177"><material><mattext texttype="text/plain" /></material></itemfeedback></item><item ident="OBJ_41951" label="QUES_12451_17500" d2l_2p0:page="1"><itemmetadata><qtimetadata><qti_metadatafield><fieldlabel>qmd_computerscored</fieldlabel><fieldentry>yes</fieldentry></qti_metadatafield><qti_metadatafield><fieldlabel>qmd_questiontype</fieldlabel><fieldentry>Likert</fieldentry></qti_metadatafield><qti_metadatafield><fieldlabel>qmd_globalid</fieldlabel><fieldentry>af3b2e0c-e8cb-43f0-bbec-3d1864efd66b</fieldentry></qti_metadatafield><qti_metadatafield><fieldlabel>qmd_displayid</fieldlabel><fieldentry>DDN237-DEV-EN-37</fieldentry></qti_metadatafield></qtimetadata></itemmetadata><itemproc_extension><d2l_2p0:difficulty>1</d2l_2p0:difficulty><d2l_2p0:isbonus>no</d2l_2p0:isbonus><d2l_2p0:ismandatory>no</d2l_2p0:ismandatory></itemproc_extension><presentation><flow><material><mattext texttype="text/html">&lt;p&gt;On a scale of 1-10, how well-equipped are you to employ the following in your work after taking this course?&lt;/p&gt;</mattext></material><d2l_2p0:scale>16</d2l_2p0:scale><response_grp respident="QUES_12451_17500_R" rcardinality="Single"><render_choice shuffle="no"><flow_label class="Block"><response_label ident="QUES_12451_17500_A68185"><flow_mat><material><mattext texttype="text/html">&lt;p&gt;Root Cause Analysis&lt;/p&gt;</mattext></material></flow_mat></response_label><response_label ident="QUES_12451_17500_A68186"><flow_mat><material><mattext texttype="text/html">&lt;p&gt;Empathy Mapping&lt;/p&gt;</mattext></material></flow_mat></response_label><response_label ident="QUES_12451_17500_A68187"><flow_mat><material><mattext texttype="text/html">&lt;p&gt;Journey Mapping&lt;/p&gt;</mattext></material></flow_mat></response_label><response_label ident="QUES_12451_17500_A68188"><flow_mat><material><mattext texttype="text/html">&lt;p&gt;Stakeholder Mapping&lt;/p&gt;</mattext></material></flow_mat></response_label><response_label ident="QUES_12451_17500_A68189"><flow_mat><material><mattext texttype="text/html">&lt;p&gt;The Mission Model Canvas&lt;/p&gt;</mattext></material></flow_mat></response_label><response_label ident="QUES_12451_17500_A68190"><flow_mat><material><mattext texttype="text/html">&lt;p&gt;Point of View Problem Statements&lt;/p&gt;</mattext></material></flow_mat></response_label><response_label ident="QUES_12451_17500_A68191"><flow_mat><material><mattext texttype="text/html">&lt;p&gt;Systems Thinking&lt;/p&gt;</mattext></material></flow_mat></response_label></flow_label></render_choice></response_grp></flow></presentation></item><item ident="OBJ_41952" label="QUES_12452_17501" d2l_2p0:page="1"><itemmetadata><qtimetadata><qti_metadatafield><fieldlabel>qmd_computerscored</fieldlabel><fieldentry>yes</fieldentry></qti_metadatafield><qti_metadatafield><fieldlabel>qmd_questiontype</fieldlabel><fieldentry>Multiple Choice</fieldentry></qti_metadatafield><qti_metadatafield><fieldlabel>qmd_globalid</fieldlabel><fieldentry>0f40df9f-a9c2-49a9-a33f-fe260d597b4d</fieldentry></qti_metadatafield><qti_metadatafield><fieldlabel>qmd_displayid</fieldlabel><fieldentry>DDN237-DEV-EN-39</fieldentry></qti_metadatafield></qtimetadata></itemmetadata><itemproc_extension><d2l_2p0:difficulty>1</d2l_2p0:difficulty><d2l_2p0:isbonus>no</d2l_2p0:isbonus><d2l_2p0:ismandatory>no</d2l_2p0:ismandatory></itemproc_extension><presentation><flow><material><mattext texttype="text/html">&lt;p&gt;The content in this course will help me to build better products and services.&lt;/p&gt;</mattext></material><response_extension><d2l_2p0:display_style>2</d2l_2p0:display_style><d2l_2p0:enumeration>6</d2l_2p0:enumeration><d2l_2p0:grading_type>0</d2l_2p0:grading_type></response_extension><response_lid ident="QUES_12452_17501_LID" rcardinality="Single"><render_choice shuffle="no"><flow_label class="Block"><response_label ident="QUES_12452_17501_A68192"><flow_mat><material><mattext texttype="text/html">&lt;p&gt;Totally disagree&lt;/p&gt;</mattext></material></flow_mat></response_label></flow_label><flow_label class="Block"><response_label ident="QUES_12452_17501_A68193"><flow_mat><material><mattext texttype="text/html">&lt;p&gt;Somewhat disagree&lt;/p&gt;</mattext></material></flow_mat></response_label></flow_label><flow_label class="Block"><response_label ident="QUES_12452_17501_A68194"><flow_mat><material><mattext texttype="text/html">&lt;p&gt;Somewhat agree&lt;/p&gt;</mattext></material></flow_mat></response_label></flow_label><flow_label class="Block"><response_label ident="QUES_12452_17501_A68195"><flow_mat><material><mattext texttype="text/html">&lt;p&gt;Totally agree&lt;/p&gt;</mattext></material></flow_mat></response_label></flow_label></render_choice></response_lid></flow></presentation><resprocessing><respcondition title="Response Condition 1"><conditionvar><varequal respident="QUES_12452_17501_LID">QUES_12452_17501_A68192</varequal></conditionvar><setvar action="Set">0.000000000</setvar><displayfeedback feedbacktype="Response" linkrefid="QUES_12452_17501_IF68192" /></respcondition><respcondition title="Response Condition 2"><conditionvar><varequal respident="QUES_12452_17501_LID">QUES_12452_17501_A68193</varequal></conditionvar><setvar action="Set">0.000000000</setvar><displayfeedback feedbacktype="Response" linkrefid="QUES_12452_17501_IF68193" /></respcondition><respcondition title="Response Condition 3"><conditionvar><varequal respident="QUES_12452_17501_LID">QUES_12452_17501_A68194</varequal></conditionvar><setvar action="Set">0.000000000</setvar><displayfeedback feedbacktype="Response" linkrefid="QUES_12452_17501_IF68194" /></respcondition><respcondition title="Response Condition 4"><conditionvar><varequal respident="QUES_12452_17501_LID">QUES_12452_17501_A68195</varequal></conditionvar><setvar action="Set">0.000000000</setvar><displayfeedback feedbacktype="Response" linkrefid="QUES_12452_17501_IF68195" /></respcondition></resprocessing><itemfeedback ident="QUES_12452_17501_IF68192"><material><mattext texttype="text/plain" /></material></itemfeedback><itemfeedback ident="QUES_12452_17501_IF68193"><material><mattext texttype="text/plain" /></material></itemfeedback><itemfeedback ident="QUES_12452_17501_IF68194"><material><mattext texttype="text/plain" /></material></itemfeedback><itemfeedback ident="QUES_12452_17501_IF68195"><material><mattext texttype="text/plain" /></material></itemfeedback></item><item ident="OBJ_41953" label="QUES_12453_17502" d2l_2p0:page="1"><itemmetadata><qtimetadata><qti_metadatafield><fieldlabel>qmd_computerscored</fieldlabel><fieldentry>yes</fieldentry></qti_metadatafield><qti_metadatafield><fieldlabel>qmd_questiontype</fieldlabel><fieldentry>Multiple Choice</fieldentry></qti_metadatafield><qti_metadatafield><fieldlabel>qmd_globalid</fieldlabel><fieldentry>20924cf8-44e2-4cb8-bab5-54a4f812fc87</fieldentry></qti_metadatafield><qti_metadatafield><fieldlabel>qmd_displayid</fieldlabel><fieldentry>DDN237-DEV-EN-40</fieldentry></qti_metadatafield></qtimetadata></itemmetadata><itemproc_extension><d2l_2p0:difficulty>1</d2l_2p0:difficulty><d2l_2p0:isbonus>no</d2l_2p0:isbonus><d2l_2p0:ismandatory>no</d2l_2p0:ismandatory></itemproc_extension><presentation><flow><material><mattext texttype="text/html">&lt;p&gt;It was easy to navigate the platform. (1 of 2)&lt;/p&gt;</mattext></material><response_extension><d2l_2p0:display_style>2</d2l_2p0:display_style><d2l_2p0:enumeration>6</d2l_2p0:enumeration><d2l_2p0:grading_type>0</d2l_2p0:grading_type></response_extension><response_lid ident="QUES_12453_17502_LID" rcardinality="Single"><render_choice shuffle="no"><flow_label class="Block"><response_label ident="QUES_12453_17502_A68196"><flow_mat><material><mattext texttype="text/html">&lt;p&gt;Totally disagree&lt;/p&gt;</mattext></material></flow_mat></response_label></flow_label><flow_label class="Block"><response_label ident="QUES_12453_17502_A68197"><flow_mat><material><mattext texttype="text/html">&lt;p&gt;Somewhat disagree&lt;/p&gt;</mattext></material></flow_mat></response_label></flow_label><flow_label class="Block"><response_label ident="QUES_12453_17502_A68198"><flow_mat><material><mattext texttype="text/html">&lt;p&gt;Somewhat agree&lt;/p&gt;</mattext></material></flow_mat></response_label></flow_label><flow_label class="Block"><response_label ident="QUES_12453_17502_A68199"><flow_mat><material><mattext texttype="text/html">&lt;p&gt;Totally agree&lt;/p&gt;</mattext></material></flow_mat></response_label></flow_label></render_choice></response_lid></flow></presentation><resprocessing><respcondition title="Response Condition 1"><conditionvar><varequal respident="QUES_12453_17502_LID">QUES_12453_17502_A68196</varequal></conditionvar><setvar action="Set">0.000000000</setvar><displayfeedback feedbacktype="Response" linkrefid="QUES_12453_17502_IF68196" /></respcondition><respcondition title="Response Condition 2"><conditionvar><varequal respident="QUES_12453_17502_LID">QUES_12453_17502_A68197</varequal></conditionvar><setvar action="Set">0.000000000</setvar><displayfeedback feedbacktype="Response" linkrefid="QUES_12453_17502_IF68197" /></respcondition><respcondition title="Response Condition 3"><conditionvar><varequal respident="QUES_12453_17502_LID">QUES_12453_17502_A68198</varequal></conditionvar><setvar action="Set">0.000000000</setvar><displayfeedback feedbacktype="Response" linkrefid="QUES_12453_17502_IF68198" /></respcondition><respcondition title="Response Condition 4"><conditionvar><varequal respident="QUES_12453_17502_LID">QUES_12453_17502_A68199</varequal></conditionvar><setvar action="Set">0.000000000</setvar><displayfeedback feedbacktype="Response" linkrefid="QUES_12453_17502_IF68199" /></respcondition></resprocessing><itemfeedback ident="QUES_12453_17502_IF68196"><material><mattext texttype="text/plain" /></material></itemfeedback><itemfeedback ident="QUES_12453_17502_IF68197"><material><mattext texttype="text/plain" /></material></itemfeedback><itemfeedback ident="QUES_12453_17502_IF68198"><material><mattext texttype="text/plain" /></material></itemfeedback><itemfeedback ident="QUES_12453_17502_IF68199"><material><mattext texttype="text/plain" /></material></itemfeedback></item><item ident="OBJ_41954" label="QUES_12454_17503" d2l_2p0:page="1"><itemmetadata><qtimetadata><qti_metadatafield><fieldlabel>qmd_computerscored</fieldlabel><fieldentry>yes</fieldentry></qti_metadatafield><qti_metadatafield><fieldlabel>qmd_questiontype</fieldlabel><fieldentry>Long Answer</fieldentry></qti_metadatafield><qti_metadatafield><fieldlabel>qmd_globalid</fieldlabel><fieldentry>dce15642-0d89-45cb-ac78-ff47fbb518e5</fieldentry></qti_metadatafield><qti_metadatafield><fieldlabel>qmd_displayid</fieldlabel><fieldentry>DDN237-DEV-EN-41</fieldentry></qti_metadatafield></qtimetadata></itemmetadata><itemproc_extension><d2l_2p0:difficulty>1</d2l_2p0:difficulty><d2l_2p0:isbonus>no</d2l_2p0:isbonus><d2l_2p0:ismandatory>no</d2l_2p0:ismandatory></itemproc_extension><presentation><flow><material><mattext texttype="text/html">&lt;p&gt;It was easy to navigate the platform.&lt;/p&gt;
&lt;p&gt;Please comment on your answer. (2 of 2)&lt;/p&gt;</mattext></material><response_extension><d2l_2p0:has_signed_comments>no</d2l_2p0:has_signed_comments><d2l_2p0:has_htmleditor>no</d2l_2p0:has_htmleditor><d2l_2p0:has_fileupload>no</d2l_2p0:has_fileupload></response_extension><response_str ident="QUES_12454_17503_STR" rcardinality="Multiple"><render_fib rows="15" columns="100" prompt="Box" fibtype="String"><response_label ident="QUES_12454_17503_LA"><material><mattext texttype="text/plain" /></material></response_label></render_fib></response_str></flow></presentation></item><item ident="OBJ_41956" label="QUES_12456_17505" d2l_2p0:page="1"><itemmetadata><qtimetadata><qti_metadatafield><fieldlabel>qmd_computerscored</fieldlabel><fieldentry>yes</fieldentry></qti_metadatafield><qti_metadatafield><fieldlabel>qmd_questiontype</fieldlabel><fieldentry>Multiple Choice</fieldentry></qti_metadatafield><qti_metadatafield><fieldlabel>qmd_globalid</fieldlabel><fieldentry>74e489a6-de59-4aef-a3c0-2415da5e78f8</fieldentry></qti_metadatafield><qti_metadatafield><fieldlabel>qmd_displayid</fieldlabel><fieldentry>DDN237-DEV-EN-43</fieldentry></qti_metadatafield></qtimetadata></itemmetadata><itemproc_extension><d2l_2p0:difficulty>1</d2l_2p0:difficulty><d2l_2p0:isbonus>no</d2l_2p0:isbonus><d2l_2p0:ismandatory>no</d2l_2p0:ismandatory></itemproc_extension><presentation><flow><material><mattext texttype="text/html">&lt;p&gt;The course kept my interest throughout. (1 of 2)&lt;/p&gt;</mattext></material><response_extension><d2l_2p0:display_style>2</d2l_2p0:display_style><d2l_2p0:enumeration>6</d2l_2p0:enumeration><d2l_2p0:grading_type>0</d2l_2p0:grading_type></response_extension><response_lid ident="QUES_12456_17505_LID" rcardinality="Single"><render_choice shuffle="no"><flow_label class="Block"><response_label ident="QUES_12456_17505_A68202"><flow_mat><material><mattext texttype="text/html">&lt;p&gt;Totally disagree&lt;/p&gt;</mattext></material></flow_mat></response_label></flow_label><flow_label class="Block"><response_label ident="QUES_12456_17505_A68203"><flow_mat><material><mattext texttype="text/html">&lt;p&gt;Somewhat disagree&lt;/p&gt;</mattext></material></flow_mat></response_label></flow_label><flow_label class="Block"><response_label ident="QUES_12456_17505_A68204"><flow_mat><material><mattext texttype="text/html">&lt;p&gt;Somewhat agree&lt;/p&gt;</mattext></material></flow_mat></response_label></flow_label><flow_label class="Block"><response_label ident="QUES_12456_17505_A68205"><flow_mat><material><mattext texttype="text/html">&lt;p&gt;Totally agree&lt;/p&gt;</mattext></material></flow_mat></response_label></flow_label></render_choice></response_lid></flow></presentation><resprocessing><respcondition title="Response Condition 1"><conditionvar><varequal respident="QUES_12456_17505_LID">QUES_12456_17505_A68202</varequal></conditionvar><setvar action="Set">0.000000000</setvar><displayfeedback feedbacktype="Response" linkrefid="QUES_12456_17505_IF68202" /></respcondition><respcondition title="Response Condition 2"><conditionvar><varequal respident="QUES_12456_17505_LID">QUES_12456_17505_A68203</varequal></conditionvar><setvar action="Set">0.000000000</setvar><displayfeedback feedbacktype="Response" linkrefid="QUES_12456_17505_IF68203" /></respcondition><respcondition title="Response Condition 3"><conditionvar><varequal respident="QUES_12456_17505_LID">QUES_12456_17505_A68204</varequal></conditionvar><setvar action="Set">0.000000000</setvar><displayfeedback feedbacktype="Response" linkrefid="QUES_12456_17505_IF68204" /></respcondition><respcondition title="Response Condition 4"><conditionvar><varequal respident="QUES_12456_17505_LID">QUES_12456_17505_A68205</varequal></conditionvar><setvar action="Set">0.000000000</setvar><displayfeedback feedbacktype="Response" linkrefid="QUES_12456_17505_IF68205" /></respcondition></resprocessing><itemfeedback ident="QUES_12456_17505_IF68202"><material><mattext texttype="text/plain" /></material></itemfeedback><itemfeedback ident="QUES_12456_17505_IF68203"><material><mattext texttype="text/plain" /></material></itemfeedback><itemfeedback ident="QUES_12456_17505_IF68204"><material><mattext texttype="text/plain" /></material></itemfeedback><itemfeedback ident="QUES_12456_17505_IF68205"><material><mattext texttype="text/plain" /></material></itemfeedback></item><item ident="OBJ_41958" label="QUES_12458_17507" d2l_2p0:page="1"><itemmetadata><qtimetadata><qti_metadatafield><fieldlabel>qmd_computerscored</fieldlabel><fieldentry>yes</fieldentry></qti_metadatafield><qti_metadatafield><fieldlabel>qmd_questiontype</fieldlabel><fieldentry>Long Answer</fieldentry></qti_metadatafield><qti_metadatafield><fieldlabel>qmd_globalid</fieldlabel><fieldentry>c26fd584-9874-486d-9e4b-37c6f766e87a</fieldentry></qti_metadatafield><qti_metadatafield><fieldlabel>qmd_displayid</fieldlabel><fieldentry>DDN237-DEV-EN-45</fieldentry></qti_metadatafield></qtimetadata></itemmetadata><itemproc_extension><d2l_2p0:difficulty>1</d2l_2p0:difficulty><d2l_2p0:isbonus>no</d2l_2p0:isbonus><d2l_2p0:ismandatory>no</d2l_2p0:ismandatory></itemproc_extension><presentation><flow><material><mattext texttype="text/html">&lt;p&gt;The course kept my interest throughout.&lt;/p&gt;
&lt;p&gt;Please comment on your answer. (2 of 2)&lt;/p&gt;</mattext></material><response_extension><d2l_2p0:has_signed_comments>no</d2l_2p0:has_signed_comments><d2l_2p0:has_htmleditor>no</d2l_2p0:has_htmleditor><d2l_2p0:has_fileupload>no</d2l_2p0:has_fileupload></response_extension><response_str ident="QUES_12458_17507_STR" rcardinality="Multiple"><render_fib rows="15" columns="100" prompt="Box" fibtype="String"><response_label ident="QUES_12458_17507_LA"><material><mattext texttype="text/plain" /></material></response_label></render_fib></response_str></flow></presentation></item><item ident="OBJ_41959" label="QUES_12459_17508" d2l_2p0:page="1"><itemmetadata><qtimetadata><qti_metadatafield><fieldlabel>qmd_computerscored</fieldlabel><fieldentry>yes</fieldentry></qti_metadatafield><qti_metadatafield><fieldlabel>qmd_questiontype</fieldlabel><fieldentry>Long Answer</fieldentry></qti_metadatafield><qti_metadatafield><fieldlabel>qmd_globalid</fieldlabel><fieldentry>1d82692b-6ac2-4421-89e8-f3cbac21db5e</fieldentry></qti_metadatafield><qti_metadatafield><fieldlabel>qmd_displayid</fieldlabel><fieldentry>DDN237-DEV-EN-46</fieldentry></qti_metadatafield></qtimetadata></itemmetadata><itemproc_extension><d2l_2p0:difficulty>1</d2l_2p0:difficulty><d2l_2p0:isbonus>no</d2l_2p0:isbonus><d2l_2p0:ismandatory>no</d2l_2p0:ismandatory></itemproc_extension><presentation><flow><material><mattext texttype="text/html">&lt;p&gt;What would improve the course experience for you?&lt;/p&gt;</mattext></material><response_extension><d2l_2p0:has_signed_comments>no</d2l_2p0:has_signed_comments><d2l_2p0:has_htmleditor>no</d2l_2p0:has_htmleditor><d2l_2p0:has_fileupload>no</d2l_2p0:has_fileupload></response_extension><response_str ident="QUES_12459_17508_STR" rcardinality="Multiple"><render_fib rows="15" columns="100" prompt="Box" fibtype="String"><response_label ident="QUES_12459_17508_LA"><material><mattext texttype="text/plain" /></material></response_label></render_fib></response_str></flow></presentation></item><item ident="OBJ_41960" label="QUES_12460_17509" d2l_2p0:page="1"><itemmetadata><qtimetadata><qti_metadatafield><fieldlabel>qmd_computerscored</fieldlabel><fieldentry>yes</fieldentry></qti_metadatafield><qti_metadatafield><fieldlabel>qmd_questiontype</fieldlabel><fieldentry>Long Answer</fieldentry></qti_metadatafield><qti_metadatafield><fieldlabel>qmd_globalid</fieldlabel><fieldentry>5c7acc57-46c1-4b73-a416-4ea0a884c4e3</fieldentry></qti_metadatafield><qti_metadatafield><fieldlabel>qmd_displayid</fieldlabel><fieldentry>DDN237-DEV-EN-47</fieldentry></qti_metadatafield></qtimetadata></itemmetadata><itemproc_extension><d2l_2p0:difficulty>1</d2l_2p0:difficulty><d2l_2p0:isbonus>no</d2l_2p0:isbonus><d2l_2p0:ismandatory>no</d2l_2p0:ismandatory></itemproc_extension><presentation><flow><material><mattext texttype="text/html">&lt;p&gt;What further feedback do you have for this course?&lt;/p&gt;</mattext></material><response_extension><d2l_2p0:has_signed_comments>no</d2l_2p0:has_signed_comments><d2l_2p0:has_htmleditor>no</d2l_2p0:has_htmleditor><d2l_2p0:has_fileupload>no</d2l_2p0:has_fileupload></response_extension><response_str ident="QUES_12460_17509_STR" rcardinality="Multiple"><render_fib rows="15" columns="100" prompt="Box" fibtype="String"><response_label ident="QUES_12460_17509_LA"><material><mattext texttype="text/plain" /></material></response_label></render_fib></response_str></flow></presentation></item><item ident="OBJ_41961" label="QUES_12461_17530" d2l_2p0:page="1"><itemmetadata><qtimetadata><qti_metadatafield><fieldlabel>qmd_computerscored</fieldlabel><fieldentry>yes</fieldentry></qti_metadatafield><qti_metadatafield><fieldlabel>qmd_questiontype</fieldlabel><fieldentry>Multi-Select</fieldentry></qti_metadatafield><qti_metadatafield><fieldlabel>qmd_globalid</fieldlabel><fieldentry>4c193f19-3cd0-4996-be6e-a4ef974dfaa4</fieldentry></qti_metadatafield><qti_metadatafield><fieldlabel>qmd_displayid</fieldlabel><fieldentry>DDN237-DEV-EN-48</fieldentry></qti_metadatafield></qtimetadata></itemmetadata><itemproc_extension><d2l_2p0:difficulty>1</d2l_2p0:difficulty><d2l_2p0:isbonus>no</d2l_2p0:isbonus><d2l_2p0:ismandatory>no</d2l_2p0:ismandatory></itemproc_extension><presentation><flow><material><mattext texttype="text/html">&lt;p&gt;After taking this course, what would you be MOST interested in as a next step? Choose your top 3.&lt;/p&gt;</mattext></material><response_extension><d2l_2p0:display_style>2</d2l_2p0:display_style><d2l_2p0:enumeration>6</d2l_2p0:enumeration><d2l_2p0:grading_type>0</d2l_2p0:grading_type></response_extension><response_lid ident="QUES_12461_17530_LID" rcardinality="Multiple"><render_choice shuffle="no"><flow_label class="Block"><response_label ident="QUES_12461_17530_A68277"><flow_mat><material><mattext texttype="text/html">&lt;p&gt;A workshop to practice problem-framing&lt;/p&gt;</mattext></material></flow_mat></response_label></flow_label><flow_label class="Block"><response_label ident="QUES_12461_17530_A68278"><flow_mat><material><mattext texttype="text/html">&lt;p&gt;A team coaching session where I look at my team&amp;#39;s problem-space&lt;/p&gt;</mattext></material></flow_mat></response_label></flow_label><flow_label class="Block"><response_label ident="QUES_12461_17530_A68279"><flow_mat><material><mattext texttype="text/html">&lt;p&gt;Tools so I can lead my team through problem-framing exercises&lt;/p&gt;</mattext></material></flow_mat></response_label></flow_label><flow_label class="Block"><response_label ident="QUES_12461_17530_A68280"><flow_mat><material><mattext texttype="text/html">&lt;p&gt;A self-paced course on the next step in the Design Thinking process&lt;/p&gt;</mattext></material></flow_mat></response_label></flow_label><flow_label class="Block"><response_label ident="QUES_12461_17530_A68281"><flow_mat><material><mattext texttype="text/html">&lt;p&gt;Explore further case studies where problem-framing is applied in a government context&lt;/p&gt;</mattext></material></flow_mat></response_label></flow_label><flow_label class="Block"><response_label ident="QUES_12461_17530_A68282"><flow_mat><material><mattext texttype="text/html">&lt;p&gt;An Ask-Me-Anything session with a Design expert&lt;/p&gt;</mattext></material></flow_mat></response_label></flow_label><flow_label class="Block"><response_label ident="QUES_12461_17530_A68283"><flow_mat><material><mattext texttype="text/html">&lt;p&gt;A peer-to-peer exchange on this topic with other learners&lt;/p&gt;</mattext></material></flow_mat></response_label></flow_label><flow_label class="Block"><response_label ident="QUES_12461_17530_A68284"><flow_mat><material><mattext texttype="text/html">&lt;p&gt;Nothing, I don&amp;#39;t need any further learning on this topic&lt;/p&gt;</mattext></material></flow_mat></response_label></flow_label><flow_label class="Block"><response_label ident="QUES_12461_17530_A68285"><flow_mat><material><mattext texttype="text/html">&lt;p&gt;Something else&lt;/p&gt;</mattext></material></flow_mat></response_label></flow_label></render_choice></response_lid></flow></presentation><resprocessing><outcomes><decvar vartype="Integer" defaultval="0" /></outcomes><respcondition title="Scoring for the correct answers" continue="yes"><conditionvar><not><varequal respident="QUES_12461_17530_LID">QUES_12461_17530_A68277</varequal><varequal respident="QUES_12461_17530_LID">QUES_12461_17530_A68278</varequal><varequal respident="QUES_12461_17530_LID">QUES_12461_17530_A68279</varequal><varequal respident="QUES_12461_17530_LID">QUES_12461_17530_A68280</varequal><varequal respident="QUES_12461_17530_LID">QUES_12461_17530_A68281</varequal><varequal respident="QUES_12461_17530_LID">QUES_12461_17530_A68282</varequal><varequal respident="QUES_12461_17530_LID">QUES_12461_17530_A68283</varequal><varequal respident="QUES_12461_17530_LID">QUES_12461_17530_A68284</varequal><varequal respident="QUES_12461_17530_LID">QUES_12461_17530_A68285</varequal></not></conditionvar><setvar action="Add">1</setvar></respcondition><respcondition title="Scoring for the incorrect answers" continue="no"><conditionvar><and><not><not><varequal respident="QUES_12461_17530_LID">QUES_12461_17530_A68277</varequal><varequal respident="QUES_12461_17530_LID">QUES_12461_17530_A68278</varequal><varequal respident="QUES_12461_17530_LID">QUES_12461_17530_A68279</varequal><varequal respident="QUES_12461_17530_LID">QUES_12461_17530_A68280</varequal><varequal respident="QUES_12461_17530_LID">QUES_12461_17530_A68281</varequal><varequal respident="QUES_12461_17530_LID">QUES_12461_17530_A68282</varequal><varequal respident="QUES_12461_17530_LID">QUES_12461_17530_A68283</varequal><varequal respident="QUES_12461_17530_LID">QUES_12461_17530_A68284</varequal><varequal respident="QUES_12461_17530_LID">QUES_12461_17530_A68285</varequal></not></not></and></conditionvar><setvar action="Add">0</setvar></respcondition></resprocessing><itemfeedback ident="QUES_12461_17530_IF68277"><material><mattext texttype="text/plain" /></material></itemfeedback><itemfeedback ident="QUES_12461_17530_IF68278"><material><mattext texttype="text/plain" /></material></itemfeedback><itemfeedback ident="QUES_12461_17530_IF68279"><material><mattext texttype="text/plain" /></material></itemfeedback><itemfeedback ident="QUES_12461_17530_IF68280"><material><mattext texttype="text/plain" /></material></itemfeedback><itemfeedback ident="QUES_12461_17530_IF68281"><material><mattext texttype="text/plain" /></material></itemfeedback><itemfeedback ident="QUES_12461_17530_IF68282"><material><mattext texttype="text/plain" /></material></itemfeedback><itemfeedback ident="QUES_12461_17530_IF68283"><material><mattext texttype="text/plain" /></material></itemfeedback><itemfeedback ident="QUES_12461_17530_IF68284"><material><mattext texttype="text/plain" /></material></itemfeedback><itemfeedback ident="QUES_12461_17530_IF68285"><material><mattext texttype="text/plain" /></material></itemfeedback></item><item ident="OBJ_41980" label="QUES_12480_17533" d2l_2p0:page="1"><itemmetadata><qtimetadata><qti_metadatafield><fieldlabel>qmd_computerscored</fieldlabel><fieldentry>yes</fieldentry></qti_metadatafield><qti_metadatafield><fieldlabel>qmd_questiontype</fieldlabel><fieldentry>Long Answer</fieldentry></qti_metadatafield><qti_metadatafield><fieldlabel>qmd_globalid</fieldlabel><fieldentry>f496a27c-007c-456e-91ea-221b8788b6a4</fieldentry></qti_metadatafield><qti_metadatafield><fieldlabel>qmd_displayid</fieldlabel><fieldentry>DDN237-DEV-EN-69</fieldentry></qti_metadatafield></qtimetadata></itemmetadata><itemproc_extension><d2l_2p0:difficulty>1</d2l_2p0:difficulty><d2l_2p0:isbonus>no</d2l_2p0:isbonus><d2l_2p0:ismandatory>no</d2l_2p0:ismandatory></itemproc_extension><presentation><flow><material><mattext texttype="text/html">&lt;p&gt;If you did not choose &amp;quot;Nothing, I don&amp;#39;t need any further learning on this topic&amp;quot; for the previous question, what would you hope to learn from this next step?&lt;/p&gt;</mattext></material><response_extension><d2l_2p0:has_signed_comments>no</d2l_2p0:has_signed_comments><d2l_2p0:has_htmleditor>no</d2l_2p0:has_htmleditor><d2l_2p0:has_fileupload>no</d2l_2p0:has_fileupload></response_extension><response_str ident="QUES_12480_17533_STR" rcardinality="Multiple"><render_fib rows="15" columns="100" prompt="Box" fibtype="String"><response_label ident="QUES_12480_17533_LA"><material><mattext texttype="text/plain" /></material></response_label></render_fib></response_str></flow></presentation></item></section></assessment></questestinterop>