﻿<?xml version="1.0" encoding="UTF-8"?><questestinterop xmlns:d2l_2p0="http://desire2learn.com/xsd/d2lcp_v2p0"><assessment d2l_2p0:id="89" title="1.8 Asking good questions: The 5 Whys" ident="res_survey_3344" d2l_2p0:resource_code="23116E12-04C0-4FA6-BDD4-3082E33A4375-29063"><rubric><flow_mat><material><mattext d2l_2p0:isdisplayed="no" texttype="text/html" /></material></flow_mat></rubric><assessmentcontrol hintswitch="no" solutionswitch="no" feedbackswitch="no" /><presentation_material><flow_mat><material label="page footer"><mattext d2l_2p0:isdisplayed="no" texttype="text/html" /></material></flow_mat></presentation_material><assess_procextension><d2l_2p0:submission_message texttype="text/html" /><d2l_2p0:anonymous>no</d2l_2p0:anonymous><d2l_2p0:instant_feedback>no</d2l_2p0:instant_feedback><is_active>yes</is_active><d2l_2p0:date_start /><d2l_2p0:date_end /><d2l_2p0:has_schedule_event>no</d2l_2p0:has_schedule_event><d2l_2p0:attempts_allowed>unlimited</d2l_2p0:attempts_allowed><d2l_2p0:is_forward_only>no</d2l_2p0:is_forward_only></assess_procextension><section ident="CONTAINER_SECTION"><item ident="OBJ_41535" label="QUES_12336_17287" d2l_2p0:page="1" title="Question 1"><itemmetadata><qtimetadata><qti_metadatafield><fieldlabel>qmd_computerscored</fieldlabel><fieldentry>yes</fieldentry></qti_metadatafield><qti_metadatafield><fieldlabel>qmd_questiontype</fieldlabel><fieldentry>Multi-Short Answer</fieldentry></qti_metadatafield><qti_metadatafield><fieldlabel>qmd_globalid</fieldlabel><fieldentry>15cd74d6-4900-4671-9df2-5bf84938cedf</fieldentry></qti_metadatafield><qti_metadatafield><fieldlabel>qmd_displayid</fieldlabel><fieldentry>DDN237-DEV-EN-2</fieldentry></qti_metadatafield></qtimetadata></itemmetadata><itemproc_extension><d2l_2p0:difficulty>1</d2l_2p0:difficulty><d2l_2p0:isbonus>no</d2l_2p0:isbonus><d2l_2p0:ismandatory>no</d2l_2p0:ismandatory></itemproc_extension><presentation><flow><material><mattext texttype="text/html">&lt;p&gt;This model helps to identify the root causes and underlying beliefs and motivations of people. It is at the heart of a proper design thinking process. You can apply it using the example from &lt;a rel="noopener" href="/d2l/common/dialogs/quickLink/quickLink.d2l?ou=10112&amp;amp;type=content&amp;amp;rcode=23116E12-04C0-4FA6-BDD4-3082E33A4375-24770" target="_self"&gt;module 1.6&lt;/a&gt;.&lt;/p&gt;
&lt;p&gt;John (he/him) lives on the 8th floor of a residential building and water leaking from the floor above is making his apartment unit floor wet:&lt;/p&gt;
&lt;ol&gt;
&lt;li&gt;Water is leaking from the ceiling. – Why?&lt;/li&gt;
&lt;li&gt;Because there is a leak coming from above. – Why?&lt;/li&gt;
&lt;li&gt;[Blank 1 of 3]. – Why?&lt;/li&gt;
&lt;li&gt;[Blank 2 of 3]. – Why?&lt;/li&gt;
&lt;li&gt;[Blank 3 of 3].&lt;/li&gt;
&lt;/ol&gt;</mattext></material><response_str ident="QUES_12336_17287_A67411_STR" rcardinality="Single"><render_fib d2l_2p0:input_boxes="3" rows="1" columns="40" prompt="Box" fibtype="String"><response_label ident="QUES_12336_17287_A67411_ANS" /></render_fib></response_str></flow></presentation><resprocessing /><itemfeedback ident="QUES_12336_17287"><material><mattext texttype="text/html">&lt;h2&gt;Suggested answers&lt;/h2&gt;
&lt;ol&gt;
&lt;li&gt;Water is leaking from the ceiling. – Why?&lt;/li&gt;
&lt;li&gt;Because there is a leak coming from above. – Why?&lt;/li&gt;
&lt;li&gt;Because the tenant above (Susan | she/her) has a burst water pipe in her kitchen. – Why?&lt;/li&gt;
&lt;li&gt;Because the water pipe is rusty and cracking. – Why?&lt;/li&gt;
&lt;li&gt;Because the property owner (Gregory | they/their/them) did not conduct proper and frequent inspections of their apartment unit, resulting in years of neglect and the weakening of the water pipe&amp;#39;s integrity.&lt;/li&gt;
&lt;/ol&gt;</mattext></material></itemfeedback></item></section></assessment></questestinterop>